sic4,sic4desc,industry_name
111,Wheat Farm,"Agriculture, Forestry, and Fishing plus Mining"
112,Rice Farm,"Agriculture, Forestry, and Fishing plus Mining"
115,Corn Farm,"Agriculture, Forestry, and Fishing plus Mining"
116,Soybean Farm,"Agriculture, Forestry, and Fishing plus Mining"
119,Cash Grains Farm,"Agriculture, Forestry, and Fishing plus Mining"
131,Cotton Farm,"Agriculture, Forestry, and Fishing plus Mining"
132,Tobacco Farm,"Agriculture, Forestry, and Fishing plus Mining"
133,Sugarcane/Sugar Beet Farm,"Agriculture, Forestry, and Fishing plus Mining"
134,Irish Potato Farm,"Agriculture, Forestry, and Fishing plus Mining"
139,Field Crop Farm,"Agriculture, Forestry, and Fishing plus Mining"
161,Vegetable/Melon Farm,"Agriculture, Forestry, and Fishing plus Mining"
171,Berry Crop Farm,"Agriculture, Forestry, and Fishing plus Mining"
172,Grape Vineyard,"Agriculture, Forestry, and Fishing plus Mining"
173,Tree Nut Grove,"Agriculture, Forestry, and Fishing plus Mining"
174,Citrus Fruit Grove,"Agriculture, Forestry, and Fishing plus Mining"
175,Fruit Tree Orchard,"Agriculture, Forestry, and Fishing plus Mining"
179,Fruit/Nut Farm,"Agriculture, Forestry, and Fishing plus Mining"
181,Ornamental Nursery,"Agriculture, Forestry, and Fishing plus Mining"
182,Food Crops Grown Under Cover,"Agriculture, Forestry, and Fishing plus Mining"
191,General Crop Farm,"Agriculture, Forestry, and Fishing plus Mining"
211,Beef Cattle/Feedlot,"Agriculture, Forestry, and Fishing plus Mining"
212,Beef Cattle,"Agriculture, Forestry, and Fishing plus Mining"
213,Hog Farm/Feedlot,"Agriculture, Forestry, and Fishing plus Mining"
214,Sheep/Goat Farm,"Agriculture, Forestry, and Fishing plus Mining"
219,General Livestock Farm,"Agriculture, Forestry, and Fishing plus Mining"
241,Dairy Farm,"Agriculture, Forestry, and Fishing plus Mining"
251,Chicken Farm,"Agriculture, Forestry, and Fishing plus Mining"
252,Chicken Egg Farm,"Agriculture, Forestry, and Fishing plus Mining"
253,Turkey/Turkey Egg Farm,"Agriculture, Forestry, and Fishing plus Mining"
254,Poultry Hatchery,"Agriculture, Forestry, and Fishing plus Mining"
259,Poultry/Poultry Egg Farm,"Agriculture, Forestry, and Fishing plus Mining"
271,Fur Bearing Animal Farm,"Agriculture, Forestry, and Fishing plus Mining"
272,Equines Farm,"Agriculture, Forestry, and Fishing plus Mining"
273,Fish/Shellfish Farm,"Agriculture, Forestry, and Fishing plus Mining"
279,Animal Farm,"Agriculture, Forestry, and Fishing plus Mining"
291,General Animal Farm,"Agriculture, Forestry, and Fishing plus Mining"
711,Soil Preparation Services,"Agriculture, Forestry, and Fishing plus Mining"
721,Crop Planting/Protecting,"Agriculture, Forestry, and Fishing plus Mining"
722,Crop Harvesting Services,"Agriculture, Forestry, and Fishing plus Mining"
723,Crop Preparation For Market,"Agriculture, Forestry, and Fishing plus Mining"
724,Cotton Ginning Services,"Agriculture, Forestry, and Fishing plus Mining"
741,Veterinary Services-Livestock,"Agriculture, Forestry, and Fishing plus Mining"
742,Veterinary Services,"Agriculture, Forestry, and Fishing plus Mining"
751,Livestock Services,"Agriculture, Forestry, and Fishing plus Mining"
752,Animal Services,"Agriculture, Forestry, and Fishing plus Mining"
761,Farm Labor Contractor,"Agriculture, Forestry, and Fishing plus Mining"
762,Farm Management Services,"Agriculture, Forestry, and Fishing plus Mining"
781,Landscape Services,"Agriculture, Forestry, and Fishing plus Mining"
782,Lawn And Garden Services,"Agriculture, Forestry, and Fishing plus Mining"
783,Shrub And Tree Services,"Agriculture, Forestry, and Fishing plus Mining"
811,Timber Tract Operation,"Agriculture, Forestry, and Fishing plus Mining"
831,Forest Product Gathering Service,"Agriculture, Forestry, and Fishing plus Mining"
851,Forestry Services,"Agriculture, Forestry, and Fishing plus Mining"
912,Finfish Fishery,"Agriculture, Forestry, and Fishing plus Mining"
913,Shellfish Fishery,"Agriculture, Forestry, and Fishing plus Mining"
919,Catcher Marine Products,"Agriculture, Forestry, and Fishing plus Mining"
921,Fish Hatchery/Preserve,"Agriculture, Forestry, and Fishing plus Mining"
971,Game Management,"Agriculture, Forestry, and Fishing plus Mining"
1011,Iron Ore Mine,"Agriculture, Forestry, and Fishing plus Mining"
1021,Copper Ore Mine,"Agriculture, Forestry, and Fishing plus Mining"
1041,Gold Ore Mine,"Agriculture, Forestry, and Fishing plus Mining"
1044,Silver Ore Mine,"Agriculture, Forestry, and Fishing plus Mining"
1061,Ferroalloy Ore Mine,"Agriculture, Forestry, and Fishing plus Mining"
1081,Metal Mining Services,"Agriculture, Forestry, and Fishing plus Mining"
1094,Uranium/Radium/Vanadium Mine,"Agriculture, Forestry, and Fishing plus Mining"
1099,Metal Ore Mine,"Agriculture, Forestry, and Fishing plus Mining"
1221,Coal/Lignite Surface Mine,"Agriculture, Forestry, and Fishing plus Mining"
1222,Underground Coal Mine,"Agriculture, Forestry, and Fishing plus Mining"
1241,Coal Mining Services,"Agriculture, Forestry, and Fishing plus Mining"
1311,Petroleum/Gas Production,"Agriculture, Forestry, and Fishing plus Mining"
1321,Producer Of Natural Gas Liquids,"Agriculture, Forestry, and Fishing plus Mining"
1381,Oil/Gas Well Driller,"Agriculture, Forestry, and Fishing plus Mining"
1382,Oil/Gas Exploration Services,"Agriculture, Forestry, and Fishing plus Mining"
1389,Oil/Gas Field Services,"Agriculture, Forestry, and Fishing plus Mining"
1411,Dimension Stone Quarry,"Agriculture, Forestry, and Fishing plus Mining"
1422,Crushed Limestone Producer,"Agriculture, Forestry, and Fishing plus Mining"
1423,Crushed Granite Producer,"Agriculture, Forestry, and Fishing plus Mining"
1429,Crushed Stone Producer,"Agriculture, Forestry, and Fishing plus Mining"
1442,Construction Sand/Gravel Producer,"Agriculture, Forestry, and Fishing plus Mining"
1446,Industrial Sand Mine,"Agriculture, Forestry, and Fishing plus Mining"
1455,Kaolin/Ball Clay Mine,"Agriculture, Forestry, and Fishing plus Mining"
1459,Clay/Related Mineral Mine,"Agriculture, Forestry, and Fishing plus Mining"
1474,Potash/Soda/Borate Mine,"Agriculture, Forestry, and Fishing plus Mining"
1479,Mineral Raw Material Mine,"Agriculture, Forestry, and Fishing plus Mining"
1481,Nonmetallic Mineral Services,"Agriculture, Forestry, and Fishing plus Mining"
1499,Nonmetallic Mineral Mine,"Agriculture, Forestry, and Fishing plus Mining"
1521,Single-Family Homes Contractor,Construction
1522,Residential Construction Contractor,Construction
1531,Operative Builders,Construction
1541,Industrial Building Contractor,Construction
1542,Nonresidential Construction Contractor,Construction
1611,Highway/Street Construction Contractor,Construction
1622,Bridge/Tunnel Construction Contractor,Construction
1623,Water/Sewer/Utility Contractor,Construction
1629,Heavy Construction Contractor,Construction
1711,Plumbing/Heating/Ac Contractor,Construction
1721,Painting/Paper Hanging Contractor,Construction
1731,Electrical Contractor,Construction
1741,Masonry Contractor,Construction
1742,Drywall/Insulating Contractor,Construction
1743,Tile Contractor,Construction
1751,Carpenter,Construction
1752,Floor Laying Contractor,Construction
1761,Roofing/Siding Contractor,Construction
1771,Concrete Contractor,Construction
1781,Water Well Drilling Contractor,Construction
1791,Structural Steel Erection Contractor,Construction
1793,Glass/Glazing Contractor,Construction
1794,Excavation Contractor,Construction
1795,Demolition Contractor,Construction
1796,Installer Of Building Equipment,Construction
1799,Trade Contractor,Construction
2011,Meat Packing Plant,Manufacturing
2013,Manufacturer Of Prepared Meat,Manufacturing
2015,Poultry Processer,Manufacturing
2021,Manufacturer Of Creamery Butt,Manufacturing
2022,Manufacturer Of Cheese,Manufacturing
2023,Manufacturer Of Dry/Dairy Products,Manufacturing
2024,Manufacturer Of Frozen Desser,Manufacturing
2026,Manufacturer Of Fluid Milk,Manufacturing
2032,Manufacturer Of Canned Specialties,Manufacturing
2033,Manufacturer Of Canned Fruits,Manufacturing
2034,Manufacturer Of Dried Fruits/Vegetables,Manufacturing
2035,Manufacturer Of Pickles/Sauce,Manufacturing
2037,Manufacturer Of Frozen Fruits,Manufacturing
2038,Manufacturer Of Frozen Foods,Manufacturing
2041,Manufacturer Of Grain Mill Products,Manufacturing
2043,Manufacturer Of Cereal Breakfast Food,Manufacturing
2044,Rice Mill,Manufacturing
2045,Manufacturer Of Prepared Flour Mixes/Dough,Manufacturing
2046,Wet Corn Mill,Manufacturing
2047,Manufacturer Of Pet Food,Manufacturing
2048,Manufacturer Of Prepared Feed,Manufacturing
2051,Manufacturer Of Bakery Products,Manufacturing
2052,Manufacturer Of Cookies/Crackers,Manufacturing
2053,Manufacturer Of Frozen Bakery Products,Manufacturing
2061,Manufacturer Of Raw Cane Sugar,Manufacturing
2062,Cane Sugar Refiner,Manufacturing
2063,Manufacturer Of Beet Sugar,Manufacturing
2064,Manufacturer Of Confectionery,Manufacturing
2066,Manufacturer Of Chocolate/Cocoa Products,Manufacturing
2067,Manufacturer Of Chewing Gum,Manufacturing
2068,Manufacturer Of Salted/Roasted Peanuts,Manufacturing
2074,Cottonseed Oil Mill,Manufacturing
2075,Soybean Oil Mill,Manufacturing
2076,Vegetable Oil Mill,Manufacturing
2077,Manufacturer Of Inedible Animal Fats/Oils,Manufacturing
2079,Manufacturer Of Edible Fats/Oils,Manufacturing
2082,Manufacturer Of Malt Beverage,Manufacturing
2083,Manufacturer Of Malt,Manufacturing
2084,Manufacturer Of Wines/Brandy/Spirits,Manufacturing
2085,Manufacturer Of Distilled/Blended Liquors,Manufacturing
2086,Manufacturer Of Soft Drinks,Manufacturing
2087,Manufacturer Of Flavor Extracts/Syrups,Manufacturing
2091,Canner/Cures Seafood,Manufacturing
2092,Preparer Of Fresh/Frozen Fish,Manufacturing
2095,Manufacturer Of Coffee,Manufacturing
2096,Manufacturer Of Potato Chips/Snacks,Manufacturing
2097,Manufacturer Of Ice,Manufacturing
2098,Manufacturer Of Macaroni/Spaghetti,Manufacturing
2099,Manufacturer Of Food Preparations,Manufacturing
2111,Manufacturer Of Cigarettes,Manufacturing
2121,Manufacturer Of Cigars,Manufacturing
2131,Manufacturer Of Tobacco,Manufacturing
2141,Tobacco Stemming/Redrier,Manufacturing
2211,Cotton Broadwoven Fabric Mill,Manufacturing
2221,Manmade Broadwoven Fabric Mill,Manufacturing
2231,Wool Broadwoven Fabric Mill,Manufacturing
2241,Narrow Fabric Mill,Manufacturing
2251,Manufacturer Of Women's Hosiery,Manufacturing
2252,Hosiery Manufacturer,Manufacturing
2253,Knit Outerwear Mill,Manufacturing
2254,Knit Underwear Mill,Manufacturing
2257,Weft Knit Fabric Mill,Manufacturing
2258,Lace/Warp Knit Fabric Mill,Manufacturing
2259,Knitting Mill,Manufacturing
2261,Cotton Finishing Plant,Manufacturing
2262,Manmade Fabric Finishing Plan,Manufacturing
2269,Finishing Plant,Manufacturing
2273,Manufacturer Of Carpets/Rugs,Manufacturing
2281,Yarn Spinning Mill,Manufacturing
2282,Throwing/Winding Mill,Manufacturing
2284,Thread Mill,Manufacturing
2295,Manufacturer Of Coated Fabric,Manufacturing
2296,Manufacturer Of Tire Cord/Fabrics,Manufacturing
2297,Manufacturer Of Nonwoven Fabrics,Manufacturing
2298,Manufacturer Of Fiber Cordage,Manufacturing
2299,Manufacturer Of Textile Goods,Manufacturing
2311,Manufacturer Of Men's Suits/Coats,Manufacturing
2321,Manufacturer Of Men's Furnish,Manufacturing
2322,Manufacturer Of Men's Underwear,Manufacturing
2323,Manufacturer Of Men's Neckwear,Manufacturing
2325,Manufacturer Of Men's Trouser,Manufacturing
2326,Manufacturer Of Men's Work Clothing,Manufacturing
2329,Manufacturer Of Men's Clothing,Manufacturing
2331,Manufacturer Of Women' Blouses,Manufacturing
2335,Manufacturer Of Women's Dresses,Manufacturing
2337,Manufacturer Of Women's Suits,Manufacturing
2339,Manufacturer Of Women's Outerwear,Manufacturing
2341,Manufacturer Of Women's Underwear,Manufacturing
2342,Manufacturer Of Bras/Girdles,Manufacturing
2353,Manufacturer Of Hats/Milliner,Manufacturing
2361,Manufacturer Of Girls' Dresses,Manufacturing
2369,Manufacturer Of Girls' Outerwear,Manufacturing
2371,Manufacturer Of Fur Goods,Manufacturing
2381,Manufacturer Of Fabric Gloves,Manufacturing
2385,Manufacturer Of Waterproof Outerwear,Manufacturing
2386,Manufacturer Of Leather Clothing,Manufacturing
2387,Manufacturer Of Apparel Belts,Manufacturing
2389,Manufacturer Of Accessory Apparel,Manufacturing
2391,Manufacturer Of Curtains/Draperies,Manufacturing
2392,Manufacturer Of Household Furnishings,Manufacturing
2393,Manufacturer Of Textile Bags,Manufacturing
2394,Manufacturer Of Canvas/Relate,Manufacturing
2395,Pleating/Stitching Services,Manufacturing
2396,Manufacturer Of Apparel Trimm,Manufacturing
2397,Manufacturer Of Schiffli Embroideries,Manufacturing
2399,Manufacturer Of Fabricated Textile Items,Manufacturing
2411,Logging Mill,Manufacturing
2421,Sawmill/Planing Mill,Manufacturing
2426,Hardwood Dimension/Floor Mill,Manufacturing
2429,Special Product Sawmill,Manufacturing
2431,Manufacturer Of Millwork,Manufacturing
2434,Manufacturer Of Wood Kitchen,Manufacturing
2435,Manufacturer Of Hardwood Veneer/Plywood,Manufacturing
2436,Manufacturer Of Softwood Veneer,Manufacturing
2439,Manufacturer Of Structural Wood Members,Manufacturing
2441,Manufacturer Of Wood Boxes/Shook,Manufacturing
2448,Manufacturer Of Wood Pallets/Skids,Manufacturing
2449,Manufacturer Of Wood Containers,Manufacturing
2451,Manufacturer Of Mobile Homes,Manufacturing
2452,Manufacturer Of Prefab Wood Buildings,Manufacturing
2491,Wood Preserver,Manufacturing
2493,Manufacturer Of Reconstituted Wood Items,Manufacturing
2499,Manufacturer Of Wood Products,Manufacturing
2511,Manufacturer Of Wood Household Furniture,Manufacturing
2512,Manufacturer Of Upholstered Furniture,Manufacturing
2514,Manufacturer Of Metal Household Furniture,Manufacturing
2515,Manufacturer Of Mattresses/Bedsprings,Manufacturing
2517,Manufacturer Of Wood Tv/Radio,Manufacturing
2519,Manufacturer Of Household Furniture,Manufacturing
2521,Manufacturer Of Wood Office Furniture,Manufacturing
2522,Manufacturer Of Office Furniture,Manufacturing
2531,Manufacturer Of Public Building Furniture,Manufacturing
2541,Manufacturer Of Wood Partitions/Fixtures,Manufacturing
2542,Manufacturer Of Partitions/Fixtures,Manufacturing
2591,Manufacturer Of Drapery Hardware/Blinds,Manufacturing
2599,Manufacturer Of Furniture/Fixtures,Manufacturing
2611,Pulp Mill,Manufacturing
2621,Paper Mill,Manufacturing
2631,Paperboard Mill,Manufacturing
2652,Manufacturer Of Setup Paperboard Boxes,Manufacturing
2653,Manufacturer Of Solid Fiber Boxes,Manufacturing
2655,Manufacturer Of Fiber Cans/Drums,Manufacturing
2656,Manufacturer Of Sanitary Food,Manufacturing
2657,Manufacturer Of Folding Paper,Manufacturing
2671,Manufacturer Of Packaging Paper/Film,Manufacturing
2672,Manufacturer Of Coated/Laminator Paper,Manufacturing
2673,Manufacturer Of Plastic/Coated Paper Bags,Manufacturing
2674,Manufacturer Of Uncoated Pape,Manufacturing
2675,Manufacturer Of Die-Cut Paper,Manufacturing
2676,Manufacturer Of Sanitary Paper Products,Manufacturing
2677,Manufacturer Of Envelopes,Manufacturing
2678,Manufacturer Of Stationery Products,Manufacturing
2679,Manufacturer Of Converted Pap,Manufacturing
2711,Newspaper Publisher,Manufacturing
2721,Periodical Publisher,Manufacturing
2731,Book Publisher,Manufacturing
2732,Book Printer,Manufacturing
2741,Miscellaneous Publisher,Manufacturing
2752,Lithographic Printer,Manufacturing
2754,Gravure Commercial Printer,Manufacturing
2759,Commercial Printer,Manufacturing
2761,Manufacturer Of Manifold Business Forms,Manufacturing
2771,Manufacturer Of Greeting Cards,Manufacturing
2782,Manufacturer Of Blankbooks/Binders,Manufacturing
2789,Bookbinding/Related Work Services,Manufacturing
2791,Typesetting Services,Manufacturing
2796,Platemaking Services,Manufacturing
2812,Manufacturer Of Alkalies/Chlorine,Manufacturing
2813,Manufacturer Of Industrial Gases,Manufacturing
2816,Manufacturer Of Inorganic Pigments,Manufacturing
2819,Manufacturer Of Inorganic Chemicals,Manufacturing
2821,Manufacturer Of Plastic Mater,Manufacturing
2822,Manufacturer Of Synthetic Rub,Manufacturing
2823,Manufacturer Of Cellulosic Man-Made Fibers,Manufacturing
2824,Manufacturer Of Organic Fiber,Manufacturing
2833,Manufacturer Of Medicinals/Botanicals,Manufacturing
2834,Manufacturer Of Pharmaceuticals,Manufacturing
2835,Manufacturer Of Diagnostic Substances,Manufacturing
2836,Manufacturer Of Biological Products,Manufacturing
2841,Manufacturer Of Soap Products,Manufacturing
2842,Manufacturer Of Cleaning/Polishing Goods,Manufacturing
2843,Manufacturer Of Surface Active Agents,Manufacturing
2844,Manufacturer Of Toilet Preparations,Manufacturing
2851,Manufacturer Of Paints/Related Products,Manufacturing
2861,Manufacturer Of Wood Chemical,Manufacturing
2865,Manufacturer Of Cyclic Crude/Intermediates,Manufacturing
2869,Manufacturer Of Organic Chemicals,Manufacturing
2873,Manufacturer Of Nitrogenous Fertilizers,Manufacturing
2874,Manufacturer Of Phosphatic Fertilizers,Manufacturing
2875,Fertilizer Mixer,Manufacturing
2879,Manufacturer Of Agricultural Chemicals,Manufacturing
2891,Manufacturer Of Adhesives/Sealants,Manufacturing
2892,Manufacturer Of Explosives,Manufacturing
2893,Manufacturer Of Printing Ink,Manufacturing
2895,Manufacturer Of Carbon Black,Manufacturing
2899,Manufacturer Of Chemical Preparations,Manufacturing
2911,Petroleum Refinery,Manufacturing
2951,Manufacturer Of Asphalt Mixtures/Blocks,Manufacturing
2952,Manufacturer Of Asphalt Felts,Manufacturing
2992,Manufacturer Of Lubricating Oils/Greases,Manufacturing
2999,Manufacturer Of Petroleum/Coal Products,Manufacturing
3011,Manufacturer Of Tires/Inner Tubes,Manufacturing
3021,Manufacturer Of Footwear,Manufacturing
3052,Manufacturer Of Rubber Hoses/Belting,Manufacturing
3053,Manufacturer Of Gasket/Packing Devices,Manufacturing
3061,Manufacturer Of Mechanical Rubber Goods,Manufacturing
3069,Manufacturer Of Fabricated Rubber Products,Manufacturing
3081,Manufacturer Of Unsupported Plastic Film,Manufacturing
3082,Manufacturer Of Plastic Profile Shapes,Manufacturing
3083,Manufacturer Of Laminated Plastic Plates,Manufacturing
3084,Manufacturer Of Plastic Pipe,Manufacturing
3085,Manufacturer Of Plastic Bottles,Manufacturing
3086,Manufacturer Of Plastic Foam Products,Manufacturing
3087,Manufacturer Of Compounds Plastic Resins,Manufacturing
3088,Manufacturer Of Plastic Plumbing Fixtures,Manufacturing
3089,Manufacturer Of Plastic Products,Manufacturing
3111,Leather Tanning/Finishing,Manufacturing
3131,Manufacturer Of Boot/Shoe Cut Stock,Manufacturing
3142,Manufacturer Of House Slipper,Manufacturing
3143,Manufacturer Of Men's Footwear,Manufacturing
3144,Manufacturer Of Women's Footwear,Manufacturing
3149,Manufacturer Of Footwear,Manufacturing
3151,Manufacturer Of Leather Gloves/Mittens,Manufacturing
3161,Manufacturer Of Luggage,Manufacturing
3171,Manufacturer Of Women's Handbags,Manufacturing
3172,Manufacturer Of Personal Leather Goods,Manufacturing
3199,Manufacturer Of Leather Goods,Manufacturing
3211,Manufacturer Of Flat Glass,Manufacturing
3221,Manufacturer Of Glass Contain,Manufacturing
3229,Manufacturer Of Pressed/Blown Glass,Manufacturing
3231,Manufacturer Of Glass Product,Manufacturing
3241,Manufacturer Of Hydraulic Cement,Manufacturing
3251,Manufacturer Of Brick/Structural Tile,Manufacturing
3253,Manufacturer Of Ceramic Wall/Floor Tile,Manufacturing
3255,Manufacturer Of Clay Refractories,Manufacturing
3259,Manufacturer Of Structural Clay Products,Manufacturing
3261,Manufacturer Of Vitreous Plum,Manufacturing
3262,Manufacturer Of Vitreous China,Manufacturing
3263,Manufacturer Of Semivitreous,Manufacturing
3264,Manufacturer Of Porcelain Electrical Items,Manufacturing
3269,Manufacturer Of Pottery Products,Manufacturing
3271,Manufacturer Of Concrete Blocks/Bricks,Manufacturing
3272,Manufacturer Of Concrete Products,Manufacturing
3273,Manufacturer Of Ready-Mixed Concrete,Manufacturing
3274,Manufacturer Of Lime Products,Manufacturing
3275,Manufacturer Of Gypsum Products,Manufacturing
3281,Manufacturer Of Cut Stone Products,Manufacturing
3291,Manufacturer Of Abrasive Products,Manufacturing
3292,Manufacturer Of Asbestos Products,Manufacturing
3295,Manufacturer Of Treated Minerals,Manufacturing
3296,Manufacturer Of Mineral Wool,Manufacturing
3297,Manufacturer Of Nonclay Refractory Items,Manufacturing
3299,Manufacturer Of Nonmetallic Mineral Items,Manufacturing
3312,Blast Furnace/Steel Works,Manufacturing
3313,Manufacturer Of Electrometall,Manufacturing
3315,Manufacturer Of Steel Wire Products,Manufacturing
3316,Manufacturer Of Cold-Rolled Steel Shapes,Manufacturing
3317,Manufacturer Of Steel Pipe/Tubes,Manufacturing
3321,Gray/Ductile Iron Foundry,Manufacturing
3322,Malleable Iron Foundry,Manufacturing
3324,Steel Investment Foundry,Manufacturing
3325,Steel Foundry,Manufacturing
3331,Primary Copper Producer,Manufacturing
3334,Primary Aluminum Producer,Manufacturing
3339,Primary Metal Producer,Manufacturing
3341,Secondary Metal Producer,Manufacturing
3351,Manufacturer Of Copper Rollin,Manufacturing
3353,Manufacturer Of Aluminum Sheet/Foil,Manufacturing
3354,Manufacturer Of Aluminum Extruded Products,Manufacturing
3355,Manufacturer Of Aluminum Rolling/Drawing,Manufacturing
3356,Nonferrous Rolling/Drawing,Manufacturing
3357,Manufacturer Of Wiredrawing/Insulating,Manufacturing
3363,Manufacturer Of Aluminum Die-Castings,Manufacturing
3364,Manufacturer Of Nonferrous Die-Castings,Manufacturing
3365,Aluminum Foundry,Manufacturing
3366,Copper Foundry,Manufacturing
3369,Nonferrous Metal Foundry,Manufacturing
3398,Metal Heat Treating Service,Manufacturing
3399,Manufacturer Of Primary Metal,Manufacturing
3411,Manufacturer Of Metal Cans,Manufacturing
3412,Manufacturer Of Metal Barrels/Pails,Manufacturing
3421,Manufacturer Of Cutlery,Manufacturing
3423,Manufacturer Of Hand Tools,Manufacturing
3425,Manufacturer Of Handsaws/Blades,Manufacturing
3429,Manufacturer Of Hardware,Manufacturing
3431,Manufacturer Of Metal Sanitary Ware,Manufacturing
3432,Manufacturer Of Plumbing Fixture/Fittings,Manufacturing
3433,Manufacturer Of Heating Equipment,Manufacturing
3441,Structural Metal Fabrication,Manufacturing
3442,Manufacturer Of Metal Doors/Related Trim,Manufacturing
3443,Manufacturer Of Fabricated Plate Work,Manufacturing
3444,Manufacturer Of Sheet Metalwork,Manufacturing
3446,Manufacturer Of Architectural,Manufacturing
3448,Manufacturer Of Prefab Metal,Manufacturing
3449,Manufacturer Of Structural Metalwork,Manufacturing
3451,Manufacturer Of Screw Machine Products,Manufacturing
3452,Manufacturer Of Fasteners,Manufacturing
3462,Manufacturer Of Iron/Steel Forgings,Manufacturing
3463,Manufacturer Of Nonferrous Forgings,Manufacturing
3465,Manufacturer Of Automotive Stampings,Manufacturing
3466,Manufacturer Of Crowns/Closures,Manufacturing
3469,Manufacturer Of Metal Stampings,Manufacturing
3471,Plating/Polishing Services,Manufacturing
3479,Coating/Engraving Services,Manufacturing
3482,Manufacturer Of Small Arms Ammunition,Manufacturing
3483,Manufacturer Of Ammunition,Manufacturing
3484,Manufacturer Of Small Arms,Manufacturing
3489,Manufacturer Of Ordnance/Accessories,Manufacturing
3491,Manufacturer Of Industrial Valves,Manufacturing
3492,Manufacturer Of Fluid Power Valves,Manufacturing
3493,Manufacturer Of Steel Springs,Manufacturing
3494,Manufacturer Of Valves/Pipe Fittings,Manufacturing
3495,Manufacturer Of Wire Springs,Manufacturing
3496,Manufacturer Of Fabricated Wire Products,Manufacturing
3497,Manufacturer Of Metal Foil/Leaf,Manufacturing
3498,Manufacturer Of Fabricated Pipe Fittings,Manufacturing
3499,Manufacturer Of Fabricated Metal Products,Manufacturing
3511,Manufacturer Of Turbine/Generator Set,Manufacturing
3519,Manufacturer Of Engines And Parts,Manufacturing
3523,Manufacturer Of Farm Machinery/Equipment,Manufacturing
3524,Manufacturer Of Lawn And Garden Equipment,Manufacturing
3531,Manufacturer Of Construction Machinery,Manufacturing
3532,Manufacturer Of Mining Machinery,Manufacturing
3533,Manufacturer Of Oil/Gas Field,Manufacturing
3534,Manufacturer Of Elevators/Escalators,Manufacturing
3535,Manufacturer Of Conveyors/Equipment,Manufacturing
3536,Manufacturer Of Overhead Hoists/Cranes,Manufacturing
3537,Manufacturer Of Industrial Trucks/Trailers,Manufacturing
3541,Manufacturer Of Cutting Machine Tools,Manufacturing
3542,Manufacturer Of Machine Tools,Manufacturing
3543,Manufacturer Of Industrial Patterns,Manufacturing
3544,Manufacturer Of Special Dies/Tools/Jigs,Manufacturing
3545,Manufacturer Of Machine Tool,Manufacturing
3546,Manufacturer Of Powerdriven Hand Tolls,Manufacturing
3547,Manufacturer Of Rolling Mill,Manufacturing
3548,Manufacturer Of Welding Apparatus,Manufacturing
3549,Manufacturer Of Metalworking,Manufacturing
3552,Manufacturer Of Textile Machinery,Manufacturing
3553,Manufacturer Of Woodworking Machinery,Manufacturing
3554,Manufacturer Of Paper Industries Machinery,Manufacturing
3555,Manufacturer Of Printing Trades Machinery,Manufacturing
3556,Manufacturer Of Food Products,Manufacturing
3559,Manufacturer Of Industry Machinery,Manufacturing
3561,Manufacturer Of Pumps/Pumping,Manufacturing
3562,Manufacturer Of Bearings,Manufacturing
3563,Manufacturer Of Compressors,Manufacturing
3564,Manufacturer Of Blowers/Fans,Manufacturing
3565,Manufacturer Of Packaging Mac,Manufacturing
3566,Manufacturer Of Speed Changers/Drivers,Manufacturing
3567,Manufacturer Of Industrial Furnaces/Ovens,Manufacturing
3568,Manufacturer Of Transmission Equipment,Manufacturing
3569,Manufacturer Of Industrial Machinery,Manufacturing
3571,Manufacturer Of Electronic Computers,Manufacturing
3572,Manufacturer Of Computer Storage Devices,Manufacturing
3575,Manufacturer Of Computer Terminals,Manufacturing
3577,Manufacturer Of Computer Peripherals,Manufacturing
3578,Manufacturer Of Calculating Equipment,Manufacturing
3579,Manufacturer Of Office Machines,Manufacturing
3581,Manufacturer Of Vending Machines,Manufacturing
3582,Manufacturer Of Laundry Equipment,Manufacturing
3585,Manufacturer Of Ac/Heating Equipment,Manufacturing
3586,Manufacturer Of Measuring/Dispensing Pumps,Manufacturing
3589,Manufacturer Of Service Industry Machinery,Manufacturing
3592,Manufacturer Of Carburetors/Pistons,Manufacturing
3593,Manufacturer Of Fluid Power Cylinders,Manufacturing
3594,Manufacturer Of Fluid Power Pumps/Motors,Manufacturing
3596,Manufacturer Of Scales/Balances,Manufacturing
3599,Manufacturer Of Industrial Machinery,Manufacturing
3612,Manufacturer Of Transformers,Manufacturing
3613,Manufacturer Of Switchgears/Switchboards,Manufacturing
3621,Manufacturer Of Motors/Generators,Manufacturing
3624,Manufacturer Of Carbon/Graphite Products,Manufacturing
3625,Manufacturer Of Relays/Controls,Manufacturing
3629,Manufacturers Of Electrical Apparatus,Manufacturing
3631,Manufacturer Of Household Cooking Equipment,Manufacturing
3632,Manufacturer Of Household Refrigerators And Freezers,Manufacturing
3633,Manufacturer Of Household Laundry Equipment,Manufacturing
3634,Manufacturer Of Electric Housewares And Fans,Manufacturing
3635,Manufacturer Of Household Vacuum Cleaners,Manufacturing
3639,"Manufacturer Of Household Appliance , NEC",Manufacturing
3641,Manufacturer Of Electric Lamps,Manufacturing
3643,Manufacturer Of Conductive Wiring Devices,Manufacturing
3644,Manufacturer Of Nonconductive Wiring Items,Manufacturing
3645,Manufacturer Of Residential Light Fixtures,Manufacturing
3646,Manufacturer Of Commercial Light Fixtures,Manufacturing
3647,Manufacturer Of Vehicle Lighting Equipment,Manufacturing
3648,Manufacturer Of Lighting Equipment,Manufacturing
3651,Manufacturer Of Home Audio/Video Equipment,Manufacturing
3652,Manufacturer Of Prerecorded Records/Tapes,Manufacturing
3661,Manufacturer Of Telephone Apparatus,Manufacturing
3663,Manufacturer Of Broadcasting Equipment,Manufacturing
3669,Manufacturer Of Communications Equipment,Manufacturing
3671,Manufacturer Of Electron Tubes,Manufacturing
3672,Manufacturer Of Printed Circuit Boards,Manufacturing
3674,Manufacturer Of Semiconductor Devices,Manufacturing
3675,Manufacturer Of Electronic Capacitors,Manufacturing
3676,Manufacturer Of Electronic Resistors,Manufacturing
3677,Manufacturer Of Electronic Inductors,Manufacturing
3678,Manufacturer Of Electronic Connectors,Manufacturing
3679,Manufacturer Of Electronic Components,Manufacturing
3691,Manufacturer Of Storage Batteries,Manufacturing
3692,Manufacturer Of Primary Batteries,Manufacturing
3694,Manufacturer Of Engine Electrical Products,Manufacturing
3695,Manufacturer Of Recording Media,Manufacturing
3699,Manufacturer Of Electrical Supplies,Manufacturing
3711,Manufacturer Of Motor Vehicle Bodies,Manufacturing
3713,Manufacturer Of Truck/Bus Bodies,Manufacturing
3714,Manufacturer Of Motor Vehicle Parts,Manufacturing
3715,Manufacturer Of Truck Trailers,Manufacturing
3716,Manufacturer Of Motor Homes,Manufacturing
3721,Manufacturer Of Aircraft,Manufacturing
3724,Manufacturer Of Aircraft Engines And Parts,Manufacturing
3728,Manufacturer Of Aircraft Parts/Equipment,Manufacturing
3731,Shipbuilding/Repairing,Manufacturing
3732,Boatbuilding/Repairing,Manufacturing
3743,Manufacturer Of Railroad Equipment,Manufacturing
3751,Manufacturer Of Motorcycles/Bicycles,Manufacturing
3761,Manufacturer Of Missiles/Space Vehicles,Manufacturing
3764,Manufacturer Of Space Propulsion Units,Manufacturing
3769,Manufacturer Of Space Vehicle Equipment,Manufacturing
3792,Manufacturer Of Travel Trailers/Campers,Manufacturing
3795,Manufacturer Of Tanks/Tank Components,Manufacturing
3799,Manufacturer Of Transportation Equipment,Manufacturing
3812,Manufacturer Of Search/Navigation Systems,Manufacturing
3821,Manufacturer Of Lab Apparatus,Manufacturing
3822,Manufacturer Of Environmental,Manufacturing
3823,Manufacturer Of Process Control Instruments,Manufacturing
3824,Manufacturer Of Meters/Counting Devices,Manufacturing
3825,Manufacturer Of Electrical Measuring Items,Manufacturing
3826,Manufacturer Of Analytical Instruments,Manufacturing
3827,Manufacturer Of Optical Instruments/Lenses,Manufacturing
3829,Manufacturer Of Measuring Instruments,Manufacturing
3841,Manufacturer Of Surgical/Medical Apparatus,Manufacturing
3842,Manufacturer Of Surgical Appliances,Manufacturing
3843,Manufacturer Of Dental Equipment/Supplies,Manufacturing
3844,Manufacturer Of X-Ray Apparatus/Tubes,Manufacturing
3845,Manufacturer Of Electromedical Equipment,Manufacturing
3851,Manufacturer Of Ophthalmic Goods,Manufacturing
3861,Manufacturer Of Photo Equipment/Supplies,Manufacturing
3873,Manufacturer Of Watches/Clocks And Parts,Manufacturing
3911,Manufacturer Of Precious Metal Jewelry,Manufacturing
3914,Manufacturer Of Silverware/Plated Ware,Manufacturing
3915,Manufacturer Of Jewelers' Materials,Manufacturing
3931,Manufacturer Of Musical Instruments,Manufacturing
3942,Manufacturer Of Dolls/Stuffed Toys,Manufacturing
3944,Manufacturer Of Games/Toys,Manufacturing
3949,Manufacturer Of Sporting/Athletic Goods,Manufacturing
3951,Manufacturer Of Pens/Mechanical Customers,Manufacturing
3952,Manufacturer Of Artists' Materials,Manufacturing
3953,Manufacturer Of Marking Devices,Manufacturing
3955,Manufacturer Of Carbon Paper/Linked Ribbons,Manufacturing
3961,Manufacturer Of Costume Jewelry,Manufacturing
3965,Manufacturer Of Apparel Fasteners,Manufacturing
3991,Manufacturer Of Brooms/Brushes,Manufacturing
3993,Manufacturer Of Advertising Displays,Manufacturing
3995,Manufacturer Of Burial Caskets,Manufacturing
3996,Manufacturer Of Hard Floor Coverings,Manufacturing
3999,Manufacturer Of Miscellaneous Products,Manufacturing
4011,Railroad Line-Haul Operator,Transportation and Public Utilities
4013,Rail Terminal Services,Transportation and Public Utilities
4111,Local/Suburban Transport Services,Transportation and Public Utilities
4119,Local Passenger Transport Services,Transportation and Public Utilities
4121,Taxicab Service,Transportation and Public Utilities
4131,Intercity/Rural Bus Line,Transportation and Public Utilities
4141,Local Bus Charter Service,Transportation and Public Utilities
4142,Bus Charter Service,Transportation and Public Utilities
4151,School Bus Service,Transportation and Public Utilities
4173,Bus Terminal/Service Facility,Transportation and Public Utilities
4212,Local Trucking Company,Transportation and Public Utilities
4213,Over-The-Road Trucking Company,Transportation and Public Utilities
4214,Local Trucking Compnay With Storage,Transportation and Public Utilities
4215,Courier Services,Transportation and Public Utilities
4221,Farm Product Warehousing,Transportation and Public Utilities
4222,Refrigerated Storage Service,Transportation and Public Utilities
4225,General Storage Service,Transportation and Public Utilities
4226,Special Storage Service,Transportation and Public Utilities
4231,Truck Terminal Facility,Transportation and Public Utilities
4311,U.S. Postal Service,Transportation and Public Utilities
4412,Foreign Sea Freight Transport Service,Transportation and Public Utilities
4424,Domestic Sea Freight Transport Service,Transportation and Public Utilities
4432,Great Lakes Freight Transport Service,Transportation and Public Utilities
4449,Water Freight Transport Service,Transportation and Public Utilities
4481,Deep Sea Passenger Transport Service,Transportation and Public Utilities
4482,Ferry Operator,Transportation and Public Utilities
4489,Water Passenger Transport Service,Transportation and Public Utilities
4491,Marine Cargo Handler,Transportation and Public Utilities
4492,Towing/Tugboat Service,Transportation and Public Utilities
4493,Marina,Transportation and Public Utilities
4499,Water Transport Services,Transportation and Public Utilities
4512,Scheduled Air Transportation,Transportation and Public Utilities
4513,Air Courier Services,Transportation and Public Utilities
4522,Nonscheduled Air Transport Service,Transportation and Public Utilities
4581,Airport/Airport Services,Transportation and Public Utilities
4612,Crude Petroleum Pipelines,Transportation and Public Utilities
4613,Refined Petroleum Pipelines,Transportation and Public Utilities
4619,Pipeline Operation Service,Transportation and Public Utilities
4724,Travel Agency,Transportation and Public Utilities
4725,Tour Operator,Transportation and Public Utilities
4729,Transportation Arrangement Service,Transportation and Public Utilities
4731,Freight Transport Arrangement,Transportation and Public Utilities
4741,Railroad Car Rental Service,Transportation and Public Utilities
4783,Packing/Crating Services,Transportation and Public Utilities
4785,Motor Freight Fixed Facility,Transportation and Public Utilities
4789,Transportation Services,Transportation and Public Utilities
4812,Radiotelephone Communications,Transportation and Public Utilities
4813,Telephone Communications Service,Transportation and Public Utilities
4822,Telegraph Communications Service,Transportation and Public Utilities
4832,Radio Broadcast Station,Transportation and Public Utilities
4833,Television Station,Transportation and Public Utilities
4841,Pay Television Services,Transportation and Public Utilities
4899,Communication Services,Transportation and Public Utilities
4911,Electric Services,Transportation and Public Utilities
4922,Natural Gas Transmission Service,Transportation and Public Utilities
4923,Gas Transmission/Distribution,Transportation and Public Utilities
4924,Natural Gas Distribution Service,Transportation and Public Utilities
4925,Gas Production/Distribution Service,Transportation and Public Utilities
4931,Electric/Other Utility Service,Transportation and Public Utilities
4932,Gas/Other Services Combined,Transportation and Public Utilities
4939,Combination Utility Service,Transportation and Public Utilities
4941,Water Supply Service,Transportation and Public Utilities
4952,Sewerage System,Transportation and Public Utilities
4953,Refuse System,Transportation and Public Utilities
4959,Sanitary Service,Transportation and Public Utilities
4961,Steam/Air Conditioning Supply,Transportation and Public Utilities
4971,Irrigation System,Transportation and Public Utilities
5012,Wholesaler Of Motor Vehicles,Wholesale Trade
5013,Wholesaler Of Automotive Parts And Supplies,Wholesale Trade
5014,Wholesaler Of Tires/Tubes,Wholesale Trade
5015,Wholesaler Of Used Auto Parts,Wholesale Trade
5021,Wholesaler Of Furniture,Wholesale Trade
5023,Wholesaler Of Homefurnishings,Wholesale Trade
5031,Wholesaler Of Lumber/Related Materials,Wholesale Trade
5032,Wholesaler Of Brick/Stone Materials,Wholesale Trade
5033,Wholesaler Of Roofing/Siding/Insulation,Wholesale Trade
5039,Wholesaler Of Construction Materials,Wholesale Trade
5043,Wholesaler Of Photo Equipment,Wholesale Trade
5044,Wholesaler Of Office Equipment,Wholesale Trade
5045,Wholesaler Of Computers/Peripherals,Wholesale Trade
5046,Wholesaler Of Commercial Equipment,Wholesale Trade
5047,Wholesaler Of Medical Equipment,Wholesale Trade
5048,Wholesaler Of Ophthalmic Goods,Wholesale Trade
5049,Wholesaler Of Professional Equipment,Wholesale Trade
5051,Metal Service Center,Wholesale Trade
5052,Wholesaler Of Minerals/Ores,Wholesale Trade
5063,Wholesaler Of Electrical Equipment,Wholesale Trade
5064,Wholesaler Of Electrical Appliances,Wholesale Trade
5065,Wholesaler Of Electronic Supplies,Wholesale Trade
5072,Wholesaler Of Hardware,Wholesale Trade
5074,Whlsaler Of Plumbing And Hydronic Heating Supplies,Wholesale Trade
5075,Wholesaler Of Warm Air Heating And Air Conditioning,Wholesale Trade
5078,Wholesaler Of Refrigeration Equipment And Supplies,Wholesale Trade
5082,Wholesaler Of Construction And Mining Machinery,Wholesale Trade
5083,Wholesaler Of Farm And Garden Machinery,Wholesale Trade
5084,Wholesale Industrial Machinery/Equipment,Wholesale Trade
5085,Wholesaler Of Industrial Supplies,Wholesale Trade
5087,Wholesaler Of Service Establishment Equipment,Wholesale Trade
5088,Wholesaler Of Transportation Equipment And Supplies,Wholesale Trade
5091,Wholesaler Of Sporting And Recreation Goods,Wholesale Trade
5092,Wholesaler Of Toys And Hobby Goods And Supplies,Wholesale Trade
5093,Wholesaler Of Scrap And Waste Materials,Wholesale Trade
5094,Wholesaler Of Jewelry And Precious Stones,Wholesale Trade
5099,Wholesaler Of Durable Goods,Wholesale Trade
5111,Wholesaler Of Printing And Writing Paper,Wholesale Trade
5112,Wholesaler Of Stationery And Office Supplies,Wholesale Trade
5113,Wholesaler Of Industrial And Personal Service Paper,Wholesale Trade
5122,Wholesaler Of Drugs Proprietaries And Sundries,Wholesale Trade
5131,Wholesaler Of Piece Goods And Notions,Wholesale Trade
5136,Wholesaler Of Men's And Boy's Clothing,Wholesale Trade
5137,Wholesaler Of Women's And Children's Clothing,Wholesale Trade
5139,Wholesaler Of Footwear,Wholesale Trade
5141,"Wholesaler Of Groceries, General Line",Wholesale Trade
5142,Wholesaler Of Packaged Frozen Goods,Wholesale Trade
5143,"Wholesaler Of Dairy Products, Except Dried Or Canned",Wholesale Trade
5144,Wholesaler Of Poultry And Poultry Products,Wholesale Trade
5145,Wholesaler Of Confectionery,Wholesale Trade
5146,Wholesaler Of Fish And Seafoods,Wholesale Trade
5147,Wholesaler Of Meats And Meat Products,Wholesale Trade
5148,Wholesaler Of Fresh Fruits And Vegetables,Wholesale Trade
5149,Wholesaler Of Groceries And Related Products,Wholesale Trade
5153,Wholesaler Of Grain And Field Beans,Wholesale Trade
5154,Wholesaler Of Livestock,Wholesale Trade
5159,Wholesaler Of Farm-Product Raw Materials,Wholesale Trade
5162,Wholesaler Of Plastic Materials And Basic Shapes,Wholesale Trade
5169,Wholesaler Of Chemicals And Allied Products,Wholesale Trade
5171,Petroleum Bulk Stations And Terminals,Wholesale Trade
5172,Wholesaler Of Petroleum Products,Wholesale Trade
5181,Wholesaler Of Beer And Ale,Wholesale Trade
5182,Wholesaler Of Wine And Distilled Beverages,Wholesale Trade
5191,Wholesaler Of Farm Supplies,Wholesale Trade
5192,"Wholesaler Of Books, Periodicals And Newspapers",Wholesale Trade
5193,Wholesaler Of Flowers And Florists' Supplies,Wholesale Trade
5194,Wholesaler Of Tobacco And Tobacco Products,Wholesale Trade
5198,"Wholesaler Of Paints, Varnishes And Supplies",Wholesale Trade
5199,Wholesaler Of Nondurable Goods,Wholesale Trade
5211,Retailer Of Lumber And Other Building Materials,Retail Trade
5231,"Retailer Of Paint, Glass And Wallpaper",Retail Trade
5251,Retailer Of Hardware,Retail Trade
5261,Retailer Of Nurseries And Garden Centers,Retail Trade
5271,Retailer Of Mobile Homes,Retail Trade
5311,Retail Department Stores,Retail Trade
5331,Retail Variety Stores,Retail Trade
5399,Retailer Of Miscellaneous General Merchandise,Retail Trade
5411,Retailer Of Groceries,Retail Trade
5421,Retailer Of Meat And Fish,Retail Trade
5431,Retailer Of Fruit And Vegetable Markets,Retail Trade
5441,"Retailer Of Candy, Nut And Confectionery",Retail Trade
5451,Retailer Of Dairy Products,Retail Trade
5461,Retail Bakeries,Retail Trade
5499,Miscellaneous Food Stores,Retail Trade
5511,Retailer Of Automobiles,Retail Trade
5521,Retailer Of Used Automobiles,Retail Trade
5531,Retailer Of Automotive And Home Supplies,Retail Trade
5541,Gasoline Service Stations,Retail Trade
5551,Retailer Of Boats,Retail Trade
5561,Recreational Vehicle Dealers,Retail Trade
5571,Retailer Of Motorcycles,Retail Trade
5599,Retailer Of Miscellaneous Vehicles,Retail Trade
5611,Men's And Boys' Clothing Stores,Retail Trade
5621,Retailer Of Women's Clothing,Retail Trade
5632,Women's Accessory And Specialty Stores,Retail Trade
5641,Retailer Of Children's Wear,Retail Trade
5651,Retailer Of Family Clothing,Retail Trade
5661,Retailer Of Shoes,Retail Trade
5699,Retailer Of Apparel And Accessories,Retail Trade
5712,Retailer Of Furniture,Retail Trade
5713,Retailer Of Floor Covering,Retail Trade
5714,Retailer Of Draperies And Upholstries,Retail Trade
5719,Retailer Of Home Furnishings,Retail Trade
5722,Retailer Of Household Appliance,Retail Trade
5731,"Radio, Television, And Electronic Stores",Retail Trade
5734,Retailer Of Computers And Software,Retail Trade
5735,Retailer Of Record And Prerecorded Music,Retail Trade
5736,Retailer Of Musical Instruments,Retail Trade
5812,Eating Places,Retail Trade
5813,Drinking Places,Retail Trade
5912,Drug Stores And Proprietary Stores,Retail Trade
5921,Retailer Of Alcoholic Beverage,Retail Trade
5932,Retailer Of Used Merchandise,Retail Trade
5941,Retailer Of Sporting Goods,Retail Trade
5942,Retailer Of Books,Retail Trade
5943,Retailer Of Stationery,Retail Trade
5944,Retailer Of Jewelry,Retail Trade
5945,Retailer Of Toys And Games,Retail Trade
5946,Retailer Of Photo Supplies,Retail Trade
5947,Retailer Of Gifts And Novelties,Retail Trade
5948,Retailer Of Luggage And Leather Goods,Retail Trade
5949,"Sewing, Needlework And Piece Goods",Retail Trade
5961,Mail-Order Retailer,Retail Trade
5962,Merchandising Machine Operators,Retail Trade
5963,Direct Retail Sales,Retail Trade
5983,Retailer Of Fuel Oil,Retail Trade
5984,Liquefied Petroleum Gas Dealers,Retail Trade
5989,Retail Fuel Dealer,Retail Trade
5992,Retail Florist,Retail Trade
5993,Tobacco Stores And Stands,Retail Trade
5994,Retail News Dealer,Retail Trade
5995,Retailer Of Optical Goods,Retail Trade
5999,Retailer Of Miscellaneous Merchandise,Retail Trade
6011,Federal Reserve Banks,"Finance, Insurance, and Real Estate"
6021,National Commercial Banks,"Finance, Insurance, and Real Estate"
6022,State Commercial Banks,"Finance, Insurance, and Real Estate"
6029,Commercial Banks,"Finance, Insurance, and Real Estate"
6035,Federal Savings Institutions,"Finance, Insurance, and Real Estate"
6036,"Savings Institutions, Not Federally Charted","Finance, Insurance, and Real Estate"
6061,Federal Credit Unions,"Finance, Insurance, and Real Estate"
6062,State Credit Unions,"Finance, Insurance, and Real Estate"
6081,Foreign Banks,"Finance, Insurance, and Real Estate"
6082,Foreign Trade Company,"Finance, Insurance, and Real Estate"
6091,Nondeposit Trust Facilities,"Finance, Insurance, and Real Estate"
6099,Depository Banking Services,"Finance, Insurance, and Real Estate"
6111,Federal Credit Agencies,"Finance, Insurance, and Real Estate"
6141,Personal Credit Institutions,"Finance, Insurance, and Real Estate"
6153,Short-Term Business Credit,"Finance, Insurance, and Real Estate"
6159,Miscellaneous Business Credit,"Finance, Insurance, and Real Estate"
6162,Mortgage Bankers And Correspondents,"Finance, Insurance, and Real Estate"
6163,Loan Broker,"Finance, Insurance, and Real Estate"
6211,Security Brokers And Dealers,"Finance, Insurance, and Real Estate"
6221,"Commodity Contracts Brokers, Dealers","Finance, Insurance, and Real Estate"
6231,Security And Commodity Exchanges,"Finance, Insurance, and Real Estate"
6282,Investment Advisory Services,"Finance, Insurance, and Real Estate"
6289,Security And Commodity Service,"Finance, Insurance, and Real Estate"
6311,Life Insurance Carrier,"Finance, Insurance, and Real Estate"
6321,Accident And Health Insurance,"Finance, Insurance, and Real Estate"
6324,Hospital And Medical Service Plans,"Finance, Insurance, and Real Estate"
6331,"Fire, Marine And Casualty Insurance","Finance, Insurance, and Real Estate"
6351,Surety Insurance Carrier,"Finance, Insurance, and Real Estate"
6361,Title Insurance Carrier,"Finance, Insurance, and Real Estate"
6371,"Pension, Health And Welfare Funds","Finance, Insurance, and Real Estate"
6399,Insurance Carriers,"Finance, Insurance, and Real Estate"
6411,"Insurance Agents, Brokers And Service","Finance, Insurance, and Real Estate"
6512,Nonresidential Building Operators,"Finance, Insurance, and Real Estate"
6513,Apartment Building Operators,"Finance, Insurance, and Real Estate"
6514,"Dwelling Operators, Except Apartments","Finance, Insurance, and Real Estate"
6515,Mobile Home Site Operators,"Finance, Insurance, and Real Estate"
6517,Railroad Property Lessors,"Finance, Insurance, and Real Estate"
6519,Real Property Lessors,"Finance, Insurance, and Real Estate"
6531,Real Estate Agents And Managers,"Finance, Insurance, and Real Estate"
6541,Title Abstract Offices,"Finance, Insurance, and Real Estate"
6552,Land Developer,"Finance, Insurance, and Real Estate"
6553,Cemetery Subdividers And Developers,"Finance, Insurance, and Real Estate"
6712,Bank Holding Companies,"Finance, Insurance, and Real Estate"
6719,Investment Holding Companies,"Finance, Insurance, and Real Estate"
6722,Open-End Management Investments,"Finance, Insurance, and Real Estate"
6726,Closed-End Investment Offices,"Finance, Insurance, and Real Estate"
6732,"Trusts: Educational, Religious, Etc.","Finance, Insurance, and Real Estate"
6733,Trust Management Office,"Finance, Insurance, and Real Estate"
6792,Oil Royalty Traders,"Finance, Insurance, and Real Estate"
6794,Licensing Services,"Finance, Insurance, and Real Estate"
6798,Real Estate Investment Trusts,"Finance, Insurance, and Real Estate"
6799,Investor Services,"Finance, Insurance, and Real Estate"
7011,Hotels And Motels,Services
7021,Rooming And Boarding Houses,Services
7032,Sporting And Recreational Camps,Services
7033,Trailer Parks And Campsites,Services
7041,Membership-Basis Organization Hotels,Services
7211,"Power Laundries, Family And Commercial",Services
7212,Garment Pressing And Cleaners' Agents,Services
7213,Linen Supply Service,Services
7215,Coin-Operated Laundry,Services
7216,"Dry Cleaning Plants, Except Rugs",Services
7217,Carpet And Upholstery Cleaning,Services
7218,Industrial Laundry Service,Services
7219,Garment Service,Services
7221,Portrait Studio,Services
7231,Beauty Shops,Services
7241,Barber Shop,Services
7251,Shoe Repair And Shoeshine Parlors,Services
7261,Funeral Service/Crematory,Services
7291,Tax Return Service,Services
7299,Personal Service,Services
7311,Advertising Agency,Services
7312,Outdoor Advertising Service,Services
7313,Advertising Representative,Services
7319,Advertising Service,Services
7322,Adjustment/Collection Service,Services
7323,Credit Reporting Service,Services
7331,Direct Mail Advertising Services,Services
7334,Photocopying Service,Services
7335,Commercial Photographer,Services
7336,Commercial Art/Graphic Design,Services
7338,Secretarial/Court Reporting Service,Services
7342,Pest Control Service,Services
7349,Building Maintenance Service,Services
7352,Medical Equipment Rental Service,Services
7353,Heavy Equipment Rental Service,Services
7359,Equipment Rental/Leasing Service,Services
7361,Employment Agency,Services
7363,Help Supply Services,Services
7371,Custom Computer Programming Services,Services
7372,Prepackaged Software Service,Services
7373,Computer Systems Design Services,Services
7374,Data Processing/Preparation Services,Services
7375,Information Retrieval Service,Services
7376,Computer Facility Management,Services
7377,Computer Rental/Leasing Services,Services
7378,Computer Maintenance Service,Services
7379,Computer Related Service,Services
7381,Detective/Armored Car Service,Services
7382,Security Systems Service,Services
7383,News Syndicate,Services
7384,Photofinishing Laboratory,Services
7389,Business Service,Services
7513,Truck Rental/Leasing Service,Services
7514,Passenger Car Rental Service,Services
7515,Passenger Car Leasing Service,Services
7519,Utility Trailer Rental Service,Services
7521,Automobile Parking Service,Services
7532,Auto Body Repair And Painting,Services
7533,Auto Exhaust Repair Service,Services
7534,Tire Repair Service,Services
7536,Automotive Glass Replacement Service,Services
7537,Automotive Transmission Repair Service,Services
7538,General Automotive Repair Service,Services
7539,Automotive Repair Service,Services
7542,Carwash,Services
7549,Automotive Service,Services
7622,Consumer Electronics Repair Service,Services
7623,Refrigeration/Ac Service,Services
7629,Electrical Repair Shop,Services
7631,Clock/Jewelry Repair Shop,Services
7641,Reupholstery/Furniture Repair,Services
7692,Welding Service,Services
7694,Armature Rewinding Service,Services
7699,Repair Services,Services
7812,Motion Picture/Video Producer,Services
7819,Motion Picture Service,Services
7822,Film/Video Distribution Service,Services
7829,Motion Picture Service,Services
7832,Motion Picture Theater,Services
7833,Drive-In Theater,Services
7841,Video Tape Rental Service,Services
7911,Dance Studio/School/Hall,Services
7922,Theatrical Producers/Service,Services
7929,Public Entertainment Service,Services
7933,Bowling Center,Services
7941,Professional Sports Service,Services
7948,Racetrack Operation,Services
7991,Physical Fitness Facility,Services
7992,Public Golf Course,Services
7993,Coin-Operated Amusement Service,Services
7996,Amusement Park,Services
7997,Membership Recreation Club,Services
7999,Recreation Service,Services
8011,Medical Doctor's Office,Services
8021,Dentist's Office,Services
8031,Osteopathic Physician's Office,Services
8041,Chiropractor's Office,Services
8042,Optometrist's Office,Services
8043,Podiatrist's Office,Services
8049,Health Practitioner's Office,Services
8051,Skilled Nurse Care Facility,Services
8052,Intermediate Care Facility,Services
8059,Nursing/Personal Care Service,Services
8062,General Hospital,Services
8063,Psychiatric Hospital,Services
8069,Specialty Hospital,Services
8071,Medical Laboratory,Services
8072,Dental Laboratory,Services
8082,Home Health Care Service,Services
8092,Kidney Dialysis Center,Services
8093,Specialty Outpatient Clinic,Services
8099,Health/Allied Service,Services
8111,Legal Service,Services
8211,Elementary/Secondary School,Services
8221,College/University,Services
8222,Jr College/Technical School,Services
8231,Library,Services
8243,Data Processing School,Services
8244,Business/Secretarial School,Services
8249,Vocational School,Services
8299,School/Educational Service,Services
8322,Individual/Family Service,Services
8331,Job Training/Related Service,Services
8351,Child Day Care Service,Services
8361,Residential Care Service,Services
8399,Social Service,Services
8412,Museum,Services
8422,Botanical/Zoological Garden,Services
8611,Business Association,Services
8621,Professional Organization,Services
8631,Labor Organization,Services
8641,Civic/Social Association,Services
8651,Political Organization,Services
8661,Religious Organization,Services
8699,Membership Organization,Services
8711,Engineering Service,Services
8712,Architectural Service,Services
8713,Surveying Service,Services
8721,Accounting/Bookkeeping Service,Services
8731,Commercial Physical Research,Services
8732,Commercial Research Service,Services
8733,Noncommercial Research Service,Services
8734,Testing Laboratory,Services
8741,Management Service,Services
8742,Management Consulting Service,Services
8743,Public Relations Service,Services
8744,Facilities Support Service,Services
8748,Business Consulting Service,Services
8999,Miscellaneous Service,Services
9111,Executive Office,Public Administration
9121,Legislative Body,Public Administration
9199,General Government,Public Administration
9211,Courts,Public Administration
9221,Police Protection,Public Administration
9222,Legal Counsel/Prosecutor,Public Administration
9223,Correctional Institutions,Public Administration
9224,Fire Protection,Public Administration
9229,Public Order/Safety Administration,Public Administration
9311,Finance/Monetary Policy Administration,Public Administration
9411,Educational Programs,Public Administration
9431,Public Health Programs,Public Administration
9441,Social/Man-Power Programs,Public Administration
9451,Veterans' Affairs Administration,Public Administration
9511,Air/Water/Waste Management Administration,Public Administration
9512,Land/Wildlife Conservation Adminstration,Public Administration
9531,Housing Program Administration,Public Administration
9532,Urban/Community Development Administration,Public Administration
9611,General Economic Program Administration,Public Administration
9621,Transportation Regulation Administration,Public Administration
9631,Utility Regulation Administration,Public Administration
9641,Agricultural Marketing Programs,Public Administration
9651,Commercial Regulations Administration,Public Administration
9661,Space Research/Technology Administration,Public Administration
9711,National Security,Public Administration
9721,International Affairs,Public Administration
9999,Nonclassifiable Establishments,Nonclassified Establishments