sic4,sic4desc
111,Wheat Farm
112,Rice Farm
115,Corn Farm
116,Soybean Farm
119,Cash Grains Farm
131,Cotton Farm
132,Tobacco Farm
133,Sugarcane/Sugar Beet Farm
134,Irish Potato Farm
139,Field Crop Farm
161,Vegetable/Melon Farm
171,Berry Crop Farm
172,Grape Vineyard
173,Tree Nut Grove
174,Citrus Fruit Grove
175,Fruit Tree Orchard
179,Fruit/Nut Farm
181,Ornamental Nursery
182,Food Crops Grown Under Cover
191,General Crop Farm
211,Beef Cattle/Feedlot
212,Beef Cattle
213,Hog Farm/Feedlot
214,Sheep/Goat Farm
219,General Livestock Farm
241,Dairy Farm
251,Chicken Farm
252,Chicken Egg Farm
253,Turkey/Turkey Egg Farm
254,Poultry Hatchery
259,Poultry/Poultry Egg Farm
271,Fur Bearing Animal Farm
272,Equines Farm
273,Fish/Shellfish Farm
279,Animal Farm
291,General Animal Farm
711,Soil Preparation Services
721,Crop Planting/Protecting
722,Crop Harvesting Services
723,Crop Preparation For Market
724,Cotton Ginning Services
741,Veterinary Services-Livestock
742,Veterinary Services
751,Livestock Services
752,Animal Services
761,Farm Labor Contractor
762,Farm Management Services
781,Landscape Services
782,Lawn And Garden Services
783,Shrub And Tree Services
811,Timber Tract Operation
831,Forest Product Gathering Service
851,Forestry Services
912,Finfish Fishery
913,Shellfish Fishery
919,Catcher Marine Products
921,Fish Hatchery/Preserve
971,Game Management
1011,Iron Ore Mine
1021,Copper Ore Mine
1041,Gold Ore Mine
1044,Silver Ore Mine
1061,Ferroalloy Ore Mine
1081,Metal Mining Services
1094,Uranium/Radium/Vanadium Mine
1099,Metal Ore Mine
1221,Coal/Lignite Surface Mine
1222,Underground Coal Mine
1241,Coal Mining Services
1311,Petroleum/Gas Production
1321,Producer Of Natural Gas Liquids
1381,Oil/Gas Well Driller
1382,Oil/Gas Exploration Services
1389,Oil/Gas Field Services
1411,Dimension Stone Quarry
1422,Crushed Limestone Producer
1423,Crushed Granite Producer
1429,Crushed Stone Producer
1442,Construction Sand/Gravel Producer
1446,Industrial Sand Mine
1455,Kaolin/Ball Clay Mine
1459,Clay/Related Mineral Mine
1474,Potash/Soda/Borate Mine
1479,Mineral Raw Material Mine
1481,Nonmetallic Mineral Services
1499,Nonmetallic Mineral Mine
1521,Single-Family Homes Contractor
1522,Residential Construction Contractor
1531,Operative Builders
1541,Industrial Building Contractor
1542,Nonresidential Construction Contractor
1611,Highway/Street Construction Contractor
1622,Bridge/Tunnel Construction Contractor
1623,Water/Sewer/Utility Contractor
1629,Heavy Construction Contractor
1711,Plumbing/Heating/Ac Contractor
1721,Painting/Paper Hanging Contractor
1731,Electrical Contractor
1741,Masonry Contractor
1742,Drywall/Insulating Contractor
1743,Tile Contractor
1751,Carpenter
1752,Floor Laying Contractor
1761,Roofing/Siding Contractor
1771,Concrete Contractor
1781,Water Well Drilling Contractor
1791,Structural Steel Erection Contractor
1793,Glass/Glazing Contractor
1794,Excavation Contractor
1795,Demolition Contractor
1796,Installer Of Building Equipment
1799,Trade Contractor
2011,Meat Packing Plant
2013,Manufacturer Of Prepared Meat
2015,Poultry Processer
2021,Manufacturer Of Creamery Butt
2022,Manufacturer Of Cheese
2023,Manufacturer Of Dry/Dairy Products
2024,Manufacturer Of Frozen Desser
2026,Manufacturer Of Fluid Milk
2032,Manufacturer Of Canned Specialties
2033,Manufacturer Of Canned Fruits
2034,Manufacturer Of Dried Fruits/Vegetables
2035,Manufacturer Of Pickles/Sauce
2037,Manufacturer Of Frozen Fruits
2038,Manufacturer Of Frozen Foods
2041,Manufacturer Of Grain Mill Products
2043,Manufacturer Of Cereal Breakfast Food
2044,Rice Mill
2045,Manufacturer Of Prepared Flour Mixes/Dough
2046,Wet Corn Mill
2047,Manufacturer Of Pet Food
2048,Manufacturer Of Prepared Feed
2051,Manufacturer Of Bakery Products
2052,Manufacturer Of Cookies/Crackers
2053,Manufacturer Of Frozen Bakery Products
2061,Manufacturer Of Raw Cane Sugar
2062,Cane Sugar Refiner
2063,Manufacturer Of Beet Sugar
2064,Manufacturer Of Confectionery
2066,Manufacturer Of Chocolate/Cocoa Products
2067,Manufacturer Of Chewing Gum
2068,Manufacturer Of Salted/Roasted Peanuts
2074,Cottonseed Oil Mill
2075,Soybean Oil Mill
2076,Vegetable Oil Mill
2077,Manufacturer Of Inedible Animal Fats/Oils
2079,Manufacturer Of Edible Fats/Oils
2082,Manufacturer Of Malt Beverage
2083,Manufacturer Of Malt
2084,Manufacturer Of Wines/Brandy/Spirits
2085,Manufacturer Of Distilled/Blended Liquors
2086,Manufacturer Of Soft Drinks
2087,Manufacturer Of Flavor Extracts/Syrups
2091,Canner/Cures Seafood
2092,Preparer Of Fresh/Frozen Fish
2095,Manufacturer Of Coffee
2096,Manufacturer Of Potato Chips/Snacks
2097,Manufacturer Of Ice
2098,Manufacturer Of Macaroni/Spaghetti
2099,Manufacturer Of Food Preparations
2111,Manufacturer Of Cigarettes
2121,Manufacturer Of Cigars
2131,Manufacturer Of Tobacco
2141,Tobacco Stemming/Redrier
2211,Cotton Broadwoven Fabric Mill
2221,Manmade Broadwoven Fabric Mill
2231,Wool Broadwoven Fabric Mill
2241,Narrow Fabric Mill
2251,Manufacturer Of Women's Hosiery
2252,Hosiery Manufacturer
2253,Knit Outerwear Mill
2254,Knit Underwear Mill
2257,Weft Knit Fabric Mill
2258,Lace/Warp Knit Fabric Mill
2259,Knitting Mill
2261,Cotton Finishing Plant
2262,Manmade Fabric Finishing Plan
2269,Finishing Plant
2273,Manufacturer Of Carpets/Rugs
2281,Yarn Spinning Mill
2282,Throwing/Winding Mill
2284,Thread Mill
2295,Manufacturer Of Coated Fabric
2296,Manufacturer Of Tire Cord/Fabrics
2297,Manufacturer Of Nonwoven Fabrics
2298,Manufacturer Of Fiber Cordage
2299,Manufacturer Of Textile Goods
2311,Manufacturer Of Men's Suits/Coats
2321,Manufacturer Of Men's Furnish
2322,Manufacturer Of Men's Underwear
2323,Manufacturer Of Men's Neckwear
2325,Manufacturer Of Men's Trouser
2326,Manufacturer Of Men's Work Clothing
2329,Manufacturer Of Men's Clothing
2331,Manufacturer Of Women' Blouses
2335,Manufacturer Of Women's Dresses
2337,Manufacturer Of Women's Suits
2339,Manufacturer Of Women's Outerwear
2341,Manufacturer Of Women's Underwear
2342,Manufacturer Of Bras/Girdles
2353,Manufacturer Of Hats/Milliner
2361,Manufacturer Of Girls' Dresses
2369,Manufacturer Of Girls' Outerwear
2371,Manufacturer Of Fur Goods
2381,Manufacturer Of Fabric Gloves
2385,Manufacturer Of Waterproof Outerwear
2386,Manufacturer Of Leather Clothing
2387,Manufacturer Of Apparel Belts
2389,Manufacturer Of Accessory Apparel
2391,Manufacturer Of Curtains/Draperies
2392,Manufacturer Of Household Furnishings
2393,Manufacturer Of Textile Bags
2394,Manufacturer Of Canvas/Relate
2395,Pleating/Stitching Services
2396,Manufacturer Of Apparel Trimm
2397,Manufacturer Of Schiffli Embroideries
2399,Manufacturer Of Fabricated Textile Items
2411,Logging Mill
2421,Sawmill/Planing Mill
2426,Hardwood Dimension/Floor Mill
2429,Special Product Sawmill
2431,Manufacturer Of Millwork
2434,Manufacturer Of Wood Kitchen
2435,Manufacturer Of Hardwood Veneer/Plywood
2436,Manufacturer Of Softwood Veneer
2439,Manufacturer Of Structural Wood Members
2441,Manufacturer Of Wood Boxes/Shook
2448,Manufacturer Of Wood Pallets/Skids
2449,Manufacturer Of Wood Containers
2451,Manufacturer Of Mobile Homes
2452,Manufacturer Of Prefab Wood Buildings
2491,Wood Preserver
2493,Manufacturer Of Reconstituted Wood Items
2499,Manufacturer Of Wood Products
2511,Manufacturer Of Wood Household Furniture
2512,Manufacturer Of Upholstered Furniture
2514,Manufacturer Of Metal Household Furniture
2515,Manufacturer Of Mattresses/Bedsprings
2517,Manufacturer Of Wood Tv/Radio
2519,Manufacturer Of Household Furniture
2521,Manufacturer Of Wood Office Furniture
2522,Manufacturer Of Office Furniture
2531,Manufacturer Of Public Building Furniture
2541,Manufacturer Of Wood Partitions/Fixtures
2542,Manufacturer Of Partitions/Fixtures
2591,Manufacturer Of Drapery Hardware/Blinds
2599,Manufacturer Of Furniture/Fixtures
2611,Pulp Mill
2621,Paper Mill
2631,Paperboard Mill
2652,Manufacturer Of Setup Paperboard Boxes
2653,Manufacturer Of Solid Fiber Boxes
2655,Manufacturer Of Fiber Cans/Drums
2656,Manufacturer Of Sanitary Food
2657,Manufacturer Of Folding Paper
2671,Manufacturer Of Packaging Paper/Film
2672,Manufacturer Of Coated/Laminator Paper
2673,Manufacturer Of Plastic/Coated Paper Bags
2674,Manufacturer Of Uncoated Pape
2675,Manufacturer Of Die-Cut Paper
2676,Manufacturer Of Sanitary Paper Products
2677,Manufacturer Of Envelopes
2678,Manufacturer Of Stationery Products
2679,Manufacturer Of Converted Pap
2711,Newspaper Publisher
2721,Periodical Publisher
2731,Book Publisher
2732,Book Printer
2741,Miscellaneous Publisher
2752,Lithographic Printer
2754,Gravure Commercial Printer
2759,Commercial Printer
2761,Manufacturer Of Manifold Business Forms
2771,Manufacturer Of Greeting Cards
2782,Manufacturer Of Blankbooks/Binders
2789,Bookbinding/Related Work Services
2791,Typesetting Services
2796,Platemaking Services
2812,Manufacturer Of Alkalies/Chlorine
2813,Manufacturer Of Industrial Gases
2816,Manufacturer Of Inorganic Pigments
2819,Manufacturer Of Inorganic Chemicals
2821,Manufacturer Of Plastic Mater
2822,Manufacturer Of Synthetic Rub
2823,Manufacturer Of Cellulosic Man-Made Fibers
2824,Manufacturer Of Organic Fiber
2833,Manufacturer Of Medicinals/Botanicals
2834,Manufacturer Of Pharmaceuticals
2835,Manufacturer Of Diagnostic Substances
2836,Manufacturer Of Biological Products
2841,Manufacturer Of Soap Products
2842,Manufacturer Of Cleaning/Polishing Goods
2843,Manufacturer Of Surface Active Agents
2844,Manufacturer Of Toilet Preparations
2851,Manufacturer Of Paints/Related Products
2861,Manufacturer Of Wood Chemical
2865,Manufacturer Of Cyclic Crude/Intermediates
2869,Manufacturer Of Organic Chemicals
2873,Manufacturer Of Nitrogenous Fertilizers
2874,Manufacturer Of Phosphatic Fertilizers
2875,Fertilizer Mixer
2879,Manufacturer Of Agricultural Chemicals
2891,Manufacturer Of Adhesives/Sealants
2892,Manufacturer Of Explosives
2893,Manufacturer Of Printing Ink
2895,Manufacturer Of Carbon Black
2899,Manufacturer Of Chemical Preparations
2911,Petroleum Refinery
2951,Manufacturer Of Asphalt Mixtures/Blocks
2952,Manufacturer Of Asphalt Felts
2992,Manufacturer Of Lubricating Oils/Greases
2999,Manufacturer Of Petroleum/Coal Products
3011,Manufacturer Of Tires/Inner Tubes
3021,Manufacturer Of Footwear
3052,Manufacturer Of Rubber Hoses/Belting
3053,Manufacturer Of Gasket/Packing Devices
3061,Manufacturer Of Mechanical Rubber Goods
3069,Manufacturer Of Fabricated Rubber Products
3081,Manufacturer Of Unsupported Plastic Film
3082,Manufacturer Of Plastic Profile Shapes
3083,Manufacturer Of Laminated Plastic Plates
3084,Manufacturer Of Plastic Pipe
3085,Manufacturer Of Plastic Bottles
3086,Manufacturer Of Plastic Foam Products
3087,Manufacturer Of Compounds Plastic Resins
3088,Manufacturer Of Plastic Plumbing Fixtures
3089,Manufacturer Of Plastic Products
3111,Leather Tanning/Finishing
3131,Manufacturer Of Boot/Shoe Cut Stock
3142,Manufacturer Of House Slipper
3143,Manufacturer Of Men's Footwear
3144,Manufacturer Of Women's Footwear
3149,Manufacturer Of Footwear
3151,Manufacturer Of Leather Gloves/Mittens
3161,Manufacturer Of Luggage
3171,Manufacturer Of Women's Handbags
3172,Manufacturer Of Personal Leather Goods
3199,Manufacturer Of Leather Goods
3211,Manufacturer Of Flat Glass
3221,Manufacturer Of Glass Contain
3229,Manufacturer Of Pressed/Blown Glass
3231,Manufacturer Of Glass Product
3241,Manufacturer Of Hydraulic Cement
3251,Manufacturer Of Brick/Structural Tile
3253,Manufacturer Of Ceramic Wall/Floor Tile
3255,Manufacturer Of Clay Refractories
3259,Manufacturer Of Structural Clay Products
3261,Manufacturer Of Vitreous Plum
3262,Manufacturer Of Vitreous China
3263,Manufacturer Of Semivitreous
3264,Manufacturer Of Porcelain Electrical Items
3269,Manufacturer Of Pottery Products
3271,Manufacturer Of Concrete Blocks/Bricks
3272,Manufacturer Of Concrete Products
3273,Manufacturer Of Ready-Mixed Concrete
3274,Manufacturer Of Lime Products
3275,Manufacturer Of Gypsum Products
3281,Manufacturer Of Cut Stone Products
3291,Manufacturer Of Abrasive Products
3292,Manufacturer Of Asbestos Products
3295,Manufacturer Of Treated Minerals
3296,Manufacturer Of Mineral Wool
3297,Manufacturer Of Nonclay Refractory Items
3299,Manufacturer Of Nonmetallic Mineral Items
3312,Blast Furnace/Steel Works
3313,Manufacturer Of Electrometall
3315,Manufacturer Of Steel Wire Products
3316,Manufacturer Of Cold-Rolled Steel Shapes
3317,Manufacturer Of Steel Pipe/Tubes
3321,Gray/Ductile Iron Foundry
3322,Malleable Iron Foundry
3324,Steel Investment Foundry
3325,Steel Foundry
3331,Primary Copper Producer
3334,Primary Aluminum Producer
3339,Primary Metal Producer
3341,Secondary Metal Producer
3351,Manufacturer Of Copper Rollin
3353,Manufacturer Of Aluminum Sheet/Foil
3354,Manufacturer Of Aluminum Extruded Products
3355,Manufacturer Of Aluminum Rolling/Drawing
3356,Nonferrous Rolling/Drawing
3357,Manufacturer Of Wiredrawing/Insulating
3363,Manufacturer Of Aluminum Die-Castings
3364,Manufacturer Of Nonferrous Die-Castings
3365,Aluminum Foundry
3366,Copper Foundry
3369,Nonferrous Metal Foundry
3398,Metal Heat Treating Service
3399,Manufacturer Of Primary Metal
3411,Manufacturer Of Metal Cans
3412,Manufacturer Of Metal Barrels/Pails
3421,Manufacturer Of Cutlery
3423,Manufacturer Of Hand Tools
3425,Manufacturer Of Handsaws/Blades
3429,Manufacturer Of Hardware
3431,Manufacturer Of Metal Sanitary Ware
3432,Manufacturer Of Plumbing Fixture/Fittings
3433,Manufacturer Of Heating Equipment
3441,Structural Metal Fabrication
3442,Manufacturer Of Metal Doors/Related Trim
3443,Manufacturer Of Fabricated Plate Work
3444,Manufacturer Of Sheet Metalwork
3446,Manufacturer Of Architectural
3448,Manufacturer Of Prefab Metal
3449,Manufacturer Of Structural Metalwork
3451,Manufacturer Of Screw Machine Products
3452,Manufacturer Of Fasteners
3462,Manufacturer Of Iron/Steel Forgings
3463,Manufacturer Of Nonferrous Forgings
3465,Manufacturer Of Automotive Stampings
3466,Manufacturer Of Crowns/Closures
3469,Manufacturer Of Metal Stampings
3471,Plating/Polishing Services
3479,Coating/Engraving Services
3482,Manufacturer Of Small Arms Ammunition
3483,Manufacturer Of Ammunition
3484,Manufacturer Of Small Arms
3489,Manufacturer Of Ordnance/Accessories
3491,Manufacturer Of Industrial Valves
3492,Manufacturer Of Fluid Power Valves
3493,Manufacturer Of Steel Springs
3494,Manufacturer Of Valves/Pipe Fittings
3495,Manufacturer Of Wire Springs
3496,Manufacturer Of Fabricated Wire Products
3497,Manufacturer Of Metal Foil/Leaf
3498,Manufacturer Of Fabricated Pipe Fittings
3499,Manufacturer Of Fabricated Metal Products
3511,Manufacturer Of Turbine/Generator Set
3519,Manufacturer Of Engines And Parts
3523,Manufacturer Of Farm Machinery/Equipment
3524,Manufacturer Of Lawn And Garden Equipment
3531,Manufacturer Of Construction Machinery
3532,Manufacturer Of Mining Machinery
3533,Manufacturer Of Oil/Gas Field
3534,Manufacturer Of Elevators/Escalators
3535,Manufacturer Of Conveyors/Equipment
3536,Manufacturer Of Overhead Hoists/Cranes
3537,Manufacturer Of Industrial Trucks/Trailers
3541,Manufacturer Of Cutting Machine Tools
3542,Manufacturer Of Machine Tools
3543,Manufacturer Of Industrial Patterns
3544,Manufacturer Of Special Dies/Tools/Jigs
3545,Manufacturer Of Machine Tool
3546,Manufacturer Of Powerdriven Hand Tolls
3547,Manufacturer Of Rolling Mill
3548,Manufacturer Of Welding Apparatus
3549,Manufacturer Of Metalworking
3552,Manufacturer Of Textile Machinery
3553,Manufacturer Of Woodworking Machinery
3554,Manufacturer Of Paper Industries Machinery
3555,Manufacturer Of Printing Trades Machinery
3556,Manufacturer Of Food Products
3559,Manufacturer Of Industry Machinery
3561,Manufacturer Of Pumps/Pumping
3562,Manufacturer Of Bearings
3563,Manufacturer Of Compressors
3564,Manufacturer Of Blowers/Fans
3565,Manufacturer Of Packaging Mac
3566,Manufacturer Of Speed Changers/Drivers
3567,Manufacturer Of Industrial Furnaces/Ovens
3568,Manufacturer Of Transmission Equipment
3569,Manufacturer Of Industrial Machinery
3571,Manufacturer Of Electronic Computers
3572,Manufacturer Of Computer Storage Devices
3575,Manufacturer Of Computer Terminals
3577,Manufacturer Of Computer Peripherals
3578,Manufacturer Of Calculating Equipment
3579,Manufacturer Of Office Machines
3581,Manufacturer Of Vending Machines
3582,Manufacturer Of Laundry Equipment
3585,Manufacturer Of Ac/Heating Equipment
3586,Manufacturer Of Measuring/Dispensing Pumps
3589,Manufacturer Of Service Industry Machinery
3592,Manufacturer Of Carburetors/Pistons
3593,Manufacturer Of Fluid Power Cylinders
3594,Manufacturer Of Fluid Power Pumps/Motors
3596,Manufacturer Of Scales/Balances
3599,Manufacturer Of Industrial Machinery
3612,Manufacturer Of Transformers
3613,Manufacturer Of Switchgears/Switchboards
3621,Manufacturer Of Motors/Generators
3624,Manufacturer Of Carbon/Graphite Products
3625,Manufacturer Of Relays/Controls
3629,Manufacturers Of Electrical Apparatus
3631,Manufacturer Of Household Cooking Equipment
3632,Manufacturer Of Household Refrigerators And Freezers
3633,Manufacturer Of Household Laundry Equipment
3634,Manufacturer Of Electric Housewares And Fans
3635,Manufacturer Of Household Vacuum Cleaners
3639,"Manufacturer Of Household Appliance , NEC"
3641,Manufacturer Of Electric Lamps
3643,Manufacturer Of Conductive Wiring Devices
3644,Manufacturer Of Nonconductive Wiring Items
3645,Manufacturer Of Residential Light Fixtures
3646,Manufacturer Of Commercial Light Fixtures
3647,Manufacturer Of Vehicle Lighting Equipment
3648,Manufacturer Of Lighting Equipment
3651,Manufacturer Of Home Audio/Video Equipment
3652,Manufacturer Of Prerecorded Records/Tapes
3661,Manufacturer Of Telephone Apparatus
3663,Manufacturer Of Broadcasting Equipment
3669,Manufacturer Of Communications Equipment
3671,Manufacturer Of Electron Tubes
3672,Manufacturer Of Printed Circuit Boards
3674,Manufacturer Of Semiconductor Devices
3675,Manufacturer Of Electronic Capacitors
3676,Manufacturer Of Electronic Resistors
3677,Manufacturer Of Electronic Inductors
3678,Manufacturer Of Electronic Connectors
3679,Manufacturer Of Electronic Components
3691,Manufacturer Of Storage Batteries
3692,Manufacturer Of Primary Batteries
3694,Manufacturer Of Engine Electrical Products
3695,Manufacturer Of Recording Media
3699,Manufacturer Of Electrical Supplies
3711,Manufacturer Of Motor Vehicle Bodies
3713,Manufacturer Of Truck/Bus Bodies
3714,Manufacturer Of Motor Vehicle Parts
3715,Manufacturer Of Truck Trailers
3716,Manufacturer Of Motor Homes
3721,Manufacturer Of Aircraft
3724,Manufacturer Of Aircraft Engines And Parts
3728,Manufacturer Of Aircraft Parts/Equipment
3731,Shipbuilding/Repairing
3732,Boatbuilding/Repairing
3743,Manufacturer Of Railroad Equipment
3751,Manufacturer Of Motorcycles/Bicycles
3761,Manufacturer Of Missiles/Space Vehicles
3764,Manufacturer Of Space Propulsion Units
3769,Manufacturer Of Space Vehicle Equipment
3792,Manufacturer Of Travel Trailers/Campers
3795,Manufacturer Of Tanks/Tank Components
3799,Manufacturer Of Transportation Equipment
3812,Manufacturer Of Search/Navigation Systems
3821,Manufacturer Of Lab Apparatus
3822,Manufacturer Of Environmental
3823,Manufacturer Of Process Control Instruments
3824,Manufacturer Of Meters/Counting Devices
3825,Manufacturer Of Electrical Measuring Items
3826,Manufacturer Of Analytical Instruments
3827,Manufacturer Of Optical Instruments/Lenses
3829,Manufacturer Of Measuring Instruments
3841,Manufacturer Of Surgical/Medical Apparatus
3842,Manufacturer Of Surgical Appliances
3843,Manufacturer Of Dental Equipment/Supplies
3844,Manufacturer Of X-Ray Apparatus/Tubes
3845,Manufacturer Of Electromedical Equipment
3851,Manufacturer Of Ophthalmic Goods
3861,Manufacturer Of Photo Equipment/Supplies
3873,Manufacturer Of Watches/Clocks And Parts
3911,Manufacturer Of Precious Metal Jewelry
3914,Manufacturer Of Silverware/Plated Ware
3915,Manufacturer Of Jewelers' Materials
3931,Manufacturer Of Musical Instruments
3942,Manufacturer Of Dolls/Stuffed Toys
3944,Manufacturer Of Games/Toys
3949,Manufacturer Of Sporting/Athletic Goods
3951,Manufacturer Of Pens/Mechanical Customers
3952,Manufacturer Of Artists' Materials
3953,Manufacturer Of Marking Devices
3955,Manufacturer Of Carbon Paper/Linked Ribbons
3961,Manufacturer Of Costume Jewelry
3965,Manufacturer Of Apparel Fasteners
3991,Manufacturer Of Brooms/Brushes
3993,Manufacturer Of Advertising Displays
3995,Manufacturer Of Burial Caskets
3996,Manufacturer Of Hard Floor Coverings
3999,Manufacturer Of Miscellaneous Products
4011,Railroad Line-Haul Operator
4013,Rail Terminal Services
4111,Local/Suburban Transport Services
4119,Local Passenger Transport Services
4121,Taxicab Service
4131,Intercity/Rural Bus Line
4141,Local Bus Charter Service
4142,Bus Charter Service
4151,School Bus Service
4173,Bus Terminal/Service Facility
4212,Local Trucking Company
4213,Over-The-Road Trucking Company
4214,Local Trucking Compnay With Storage
4215,Courier Services
4221,Farm Product Warehousing
4222,Refrigerated Storage Service
4225,General Storage Service
4226,Special Storage Service
4231,Truck Terminal Facility
4311,U.S. Postal Service
4412,Foreign Sea Freight Transport Service
4424,Domestic Sea Freight Transport Service
4432,Great Lakes Freight Transport Service
4449,Water Freight Transport Service
4481,Deep Sea Passenger Transport Service
4482,Ferry Operator
4489,Water Passenger Transport Service
4491,Marine Cargo Handler
4492,Towing/Tugboat Service
4493,Marina
4499,Water Transport Services
4512,Scheduled Air Transportation
4513,Air Courier Services
4522,Nonscheduled Air Transport Service
4581,Airport/Airport Services
4612,Crude Petroleum Pipelines
4613,Refined Petroleum Pipelines
4619,Pipeline Operation Service
4724,Travel Agency
4725,Tour Operator
4729,Transportation Arrangement Service
4731,Freight Transport Arrangement
4741,Railroad Car Rental Service
4783,Packing/Crating Services
4785,Motor Freight Fixed Facility
4789,Transportation Services
4812,Radiotelephone Communications
4813,Telephone Communications Service
4822,Telegraph Communications Service
4832,Radio Broadcast Station
4833,Television Station
4841,Pay Television Services
4899,Communication Services
4911,Electric Services
4922,Natural Gas Transmission Service
4923,Gas Transmission/Distribution
4924,Natural Gas Distribution Service
4925,Gas Production/Distribution Service
4931,Electric/Other Utility Service
4932,Gas/Other Services Combined
4939,Combination Utility Service
4941,Water Supply Service
4952,Sewerage System
4953,Refuse System
4959,Sanitary Service
4961,Steam/Air Conditioning Supply
4971,Irrigation System
5012,Wholesaler Of Motor Vehicles
5013,Wholesaler Of Automotive Parts And Supplies
5014,Wholesaler Of Tires/Tubes
5015,Wholesaler Of Used Auto Parts
5021,Wholesaler Of Furniture
5023,Wholesaler Of Homefurnishings
5031,Wholesaler Of Lumber/Related Materials
5032,Wholesaler Of Brick/Stone Materials
5033,Wholesaler Of Roofing/Siding/Insulation
5039,Wholesaler Of Construction Materials
5043,Wholesaler Of Photo Equipment
5044,Wholesaler Of Office Equipment
5045,Wholesaler Of Computers/Peripherals
5046,Wholesaler Of Commercial Equipment
5047,Wholesaler Of Medical Equipment
5048,Wholesaler Of Ophthalmic Goods
5049,Wholesaler Of Professional Equipment
5051,Metal Service Center
5052,Wholesaler Of Minerals/Ores
5063,Wholesaler Of Electrical Equipment
5064,Wholesaler Of Electrical Appliances
5065,Wholesaler Of Electronic Supplies
5072,Wholesaler Of Hardware
5074,Whlsaler Of Plumbing And Hydronic Heating Supplies
5075,Wholesaler Of Warm Air Heating And Air Conditioning
5078,Wholesaler Of Refrigeration Equipment And Supplies
5082,Wholesaler Of Construction And Mining Machinery
5083,Wholesaler Of Farm And Garden Machinery
5084,Wholesale Industrial Machinery/Equipment
5085,Wholesaler Of Industrial Supplies
5087,Wholesaler Of Service Establishment Equipment
5088,Wholesaler Of Transportation Equipment And Supplies
5091,Wholesaler Of Sporting And Recreation Goods
5092,Wholesaler Of Toys And Hobby Goods And Supplies
5093,Wholesaler Of Scrap And Waste Materials
5094,Wholesaler Of Jewelry And Precious Stones
5099,Wholesaler Of Durable Goods
5111,Wholesaler Of Printing And Writing Paper
5112,Wholesaler Of Stationery And Office Supplies
5113,Wholesaler Of Industrial And Personal Service Paper
5122,Wholesaler Of Drugs Proprietaries And Sundries
5131,Wholesaler Of Piece Goods And Notions
5136,Wholesaler Of Men's And Boy's Clothing
5137,Wholesaler Of Women's And Children's Clothing
5139,Wholesaler Of Footwear
5141,"Wholesaler Of Groceries, General Line"
5142,Wholesaler Of Packaged Frozen Goods
5143,"Wholesaler Of Dairy Products, Except Dried Or Canned"
5144,Wholesaler Of Poultry And Poultry Products
5145,Wholesaler Of Confectionery
5146,Wholesaler Of Fish And Seafoods
5147,Wholesaler Of Meats And Meat Products
5148,Wholesaler Of Fresh Fruits And Vegetables
5149,Wholesaler Of Groceries And Related Products
5153,Wholesaler Of Grain And Field Beans
5154,Wholesaler Of Livestock
5159,Wholesaler Of Farm-Product Raw Materials
5162,Wholesaler Of Plastic Materials And Basic Shapes
5169,Wholesaler Of Chemicals And Allied Products
5171,Petroleum Bulk Stations And Terminals
5172,Wholesaler Of Petroleum Products
5181,Wholesaler Of Beer And Ale
5182,Wholesaler Of Wine And Distilled Beverages
5191,Wholesaler Of Farm Supplies
5192,"Wholesaler Of Books, Periodicals And Newspapers"
5193,Wholesaler Of Flowers And Florists' Supplies
5194,Wholesaler Of Tobacco And Tobacco Products
5198,"Wholesaler Of Paints, Varnishes And Supplies"
5199,Wholesaler Of Nondurable Goods
5211,Retailer Of Lumber And Other Building Materials
5231,"Retailer Of Paint, Glass And Wallpaper"
5251,Retailer Of Hardware
5261,Retailer Of Nurseries And Garden Centers
5271,Retailer Of Mobile Homes
5311,Retail Department Stores
5331,Retail Variety Stores
5399,Retailer Of Miscellaneous General Merchandise
5411,Retailer Of Groceries
5421,Retailer Of Meat And Fish
5431,Retailer Of Fruit And Vegetable Markets
5441,"Retailer Of Candy, Nut And Confectionery"
5451,Retailer Of Dairy Products
5461,Retail Bakeries
5499,Miscellaneous Food Stores
5511,Retailer Of Automobiles
5521,Retailer Of Used Automobiles
5531,Retailer Of Automotive And Home Supplies
5541,Gasoline Service Stations
5551,Retailer Of Boats
5561,Recreational Vehicle Dealers
5571,Retailer Of Motorcycles
5599,Retailer Of Miscellaneous Vehicles
5611,Men's And Boys' Clothing Stores
5621,Retailer Of Women's Clothing
5632,Women's Accessory And Specialty Stores
5641,Retailer Of Children's Wear
5651,Retailer Of Family Clothing
5661,Retailer Of Shoes
5699,Retailer Of Apparel And Accessories
5712,Retailer Of Furniture
5713,Retailer Of Floor Covering
5714,Retailer Of Draperies And Upholstries
5719,Retailer Of Home Furnishings
5722,Retailer Of Household Appliance
5731,"Radio, Television, And Electronic Stores"
5734,Retailer Of Computers And Software
5735,Retailer Of Record And Prerecorded Music
5736,Retailer Of Musical Instruments
5812,Eating Places
5813,Drinking Places
5912,Drug Stores And Proprietary Stores
5921,Retailer Of Alcoholic Beverage
5932,Retailer Of Used Merchandise
5941,Retailer Of Sporting Goods
5942,Retailer Of Books
5943,Retailer Of Stationery
5944,Retailer Of Jewelry
5945,Retailer Of Toys And Games
5946,Retailer Of Photo Supplies
5947,Retailer Of Gifts And Novelties
5948,Retailer Of Luggage And Leather Goods
5949,"Sewing, Needlework And Piece Goods"
5961,Mail-Order Retailer
5962,Merchandising Machine Operators
5963,Direct Retail Sales
5983,Retailer Of Fuel Oil
5984,Liquefied Petroleum Gas Dealers
5989,Retail Fuel Dealer
5992,Retail Florist
5993,Tobacco Stores And Stands
5994,Retail News Dealer
5995,Retailer Of Optical Goods
5999,Retailer Of Miscellaneous Merchandise
6011,Federal Reserve Banks
6021,National Commercial Banks
6022,State Commercial Banks
6029,Commercial Banks
6035,Federal Savings Institutions
6036,"Savings Institutions, Not Federally Charted"
6061,Federal Credit Unions
6062,State Credit Unions
6081,Foreign Banks
6082,Foreign Trade Company
6091,Nondeposit Trust Facilities
6099,Depository Banking Services
6111,Federal Credit Agencies
6141,Personal Credit Institutions
6153,Short-Term Business Credit
6159,Miscellaneous Business Credit
6162,Mortgage Bankers And Correspondents
6163,Loan Broker
6211,Security Brokers And Dealers
6221,"Commodity Contracts Brokers, Dealers"
6231,Security And Commodity Exchanges
6282,Investment Advisory Services
6289,Security And Commodity Service
6311,Life Insurance Carrier
6321,Accident And Health Insurance
6324,Hospital And Medical Service Plans
6331,"Fire, Marine And Casualty Insurance"
6351,Surety Insurance Carrier
6361,Title Insurance Carrier
6371,"Pension, Health And Welfare Funds"
6399,Insurance Carriers
6411,"Insurance Agents, Brokers And Service"
6512,Nonresidential Building Operators
6513,Apartment Building Operators
6514,"Dwelling Operators, Except Apartments"
6515,Mobile Home Site Operators
6517,Railroad Property Lessors
6519,Real Property Lessors
6531,Real Estate Agents And Managers
6541,Title Abstract Offices
6552,Land Developer
6553,Cemetery Subdividers And Developers
6712,Bank Holding Companies
6719,Investment Holding Companies
6722,Open-End Management Investments
6726,Closed-End Investment Offices
6732,"Trusts: Educational, Religious, Etc."
6733,Trust Management Office
6792,Oil Royalty Traders
6794,Licensing Services
6798,Real Estate Investment Trusts
6799,Investor Services
7011,Hotels And Motels
7021,Rooming And Boarding Houses
7032,Sporting And Recreational Camps
7033,Trailer Parks And Campsites
7041,Membership-Basis Organization Hotels
7211,"Power Laundries, Family And Commercial"
7212,Garment Pressing And Cleaners' Agents
7213,Linen Supply Service
7215,Coin-Operated Laundry
7216,"Dry Cleaning Plants, Except Rugs"
7217,Carpet And Upholstery Cleaning
7218,Industrial Laundry Service
7219,Garment Service
7221,Portrait Studio
7231,Beauty Shops
7241,Barber Shop
7251,Shoe Repair And Shoeshine Parlors
7261,Funeral Service/Crematory
7291,Tax Return Service
7299,Personal Service
7311,Advertising Agency
7312,Outdoor Advertising Service
7313,Advertising Representative
7319,Advertising Service
7322,Adjustment/Collection Service
7323,Credit Reporting Service
7331,Direct Mail Advertising Services
7334,Photocopying Service
7335,Commercial Photographer
7336,Commercial Art/Graphic Design
7338,Secretarial/Court Reporting Service
7342,Pest Control Service
7349,Building Maintenance Service
7352,Medical Equipment Rental Service
7353,Heavy Equipment Rental Service
7359,Equipment Rental/Leasing Service
7361,Employment Agency
7363,Help Supply Services
7371,Custom Computer Programming Services
7372,Prepackaged Software Service
7373,Computer Systems Design Services
7374,Data Processing/Preparation Services
7375,Information Retrieval Service
7376,Computer Facility Management
7377,Computer Rental/Leasing Services
7378,Computer Maintenance Service
7379,Computer Related Service
7381,Detective/Armored Car Service
7382,Security Systems Service
7383,News Syndicate
7384,Photofinishing Laboratory
7389,Business Service
7513,Truck Rental/Leasing Service
7514,Passenger Car Rental Service
7515,Passenger Car Leasing Service
7519,Utility Trailer Rental Service
7521,Automobile Parking Service
7532,Auto Body Repair And Painting
7533,Auto Exhaust Repair Service
7534,Tire Repair Service
7536,Automotive Glass Replacement Service
7537,Automotive Transmission Repair Service
7538,General Automotive Repair Service
7539,Automotive Repair Service
7542,Carwash
7549,Automotive Service
7622,Consumer Electronics Repair Service
7623,Refrigeration/Ac Service
7629,Electrical Repair Shop
7631,Clock/Jewelry Repair Shop
7641,Reupholstery/Furniture Repair
7692,Welding Service
7694,Armature Rewinding Service
7699,Repair Services
7812,Motion Picture/Video Producer
7819,Motion Picture Service
7822,Film/Video Distribution Service
7829,Motion Picture Service
7832,Motion Picture Theater
7833,Drive-In Theater
7841,Video Tape Rental Service
7911,Dance Studio/School/Hall
7922,Theatrical Producers/Service
7929,Public Entertainment Service
7933,Bowling Center
7941,Professional Sports Service
7948,Racetrack Operation
7991,Physical Fitness Facility
7992,Public Golf Course
7993,Coin-Operated Amusement Service
7996,Amusement Park
7997,Membership Recreation Club
7999,Recreation Service
8011,Medical Doctor's Office
8021,Dentist's Office
8031,Osteopathic Physician's Office
8041,Chiropractor's Office
8042,Optometrist's Office
8043,Podiatrist's Office
8049,Health Practitioner's Office
8051,Skilled Nurse Care Facility
8052,Intermediate Care Facility
8059,Nursing/Personal Care Service
8062,General Hospital
8063,Psychiatric Hospital
8069,Specialty Hospital
8071,Medical Laboratory
8072,Dental Laboratory
8082,Home Health Care Service
8092,Kidney Dialysis Center
8093,Specialty Outpatient Clinic
8099,Health/Allied Service
8111,Legal Service
8211,Elementary/Secondary School
8221,College/University
8222,Jr College/Technical School
8231,Library
8243,Data Processing School
8244,Business/Secretarial School
8249,Vocational School
8299,School/Educational Service
8322,Individual/Family Service
8331,Job Training/Related Service
8351,Child Day Care Service
8361,Residential Care Service
8399,Social Service
8412,Museum
8422,Botanical/Zoological Garden
8611,Business Association
8621,Professional Organization
8631,Labor Organization
8641,Civic/Social Association
8651,Political Organization
8661,Religious Organization
8699,Membership Organization
8711,Engineering Service
8712,Architectural Service
8713,Surveying Service
8721,Accounting/Bookkeeping Service
8731,Commercial Physical Research
8732,Commercial Research Service
8733,Noncommercial Research Service
8734,Testing Laboratory
8741,Management Service
8742,Management Consulting Service
8743,Public Relations Service
8744,Facilities Support Service
8748,Business Consulting Service
8999,Miscellaneous Service
9111,Executive Office
9121,Legislative Body
9199,General Government
9211,Courts
9221,Police Protection
9222,Legal Counsel/Prosecutor
9223,Correctional Institutions
9224,Fire Protection
9229,Public Order/Safety Administration
9311,Finance/Monetary Policy Administration
9411,Educational Programs
9431,Public Health Programs
9441,Social/Man-Power Programs
9451,Veterans' Affairs Administration
9511,Air/Water/Waste Management Administration
9512,Land/Wildlife Conservation Adminstration
9531,Housing Program Administration
9532,Urban/Community Development Administration
9611,General Economic Program Administration
9621,Transportation Regulation Administration
9631,Utility Regulation Administration
9641,Agricultural Marketing Programs
9651,Commercial Regulations Administration
9661,Space Research/Technology Administration
9711,National Security
9721,International Affairs
9999,Nonclassifiable Establishments